team_naam,team_afkorting,team_landcode,team_status,renner_naam,renner_landcode,geboortedatum,geboorteplaats,gewicht,lengte
"Movistar Team","MOV","ES","World Tour","Sergio  Samitier","ES","1995-08-31","Barbastro","63","1.81"
"Drone Hopper -  Androni Giocattoli","DRA","IT","Pro Tour","Simone  Ravanelli","IT","1995-07-04","Bergamo","66","1.78"
"Alpecin-Deceuninck","ADC","BE","Pro Tour","Stefano  Oldani","IT","1998-01-10","Milan","65","1.78"
"Uno-X Pro Cycling Team","UXT","NO","Pro Tour","Niklas  Eg","DK","1995-01-06","Kibæk","60","1.84"
"Burgos-BH","BBH","ES","Pro Tour","Miguel Ángel  Fernández","ES","1997-03-21","Santander","79","1.85"
"Euskaltel - Euskadi","EUS","ES","Pro Tour","Joan  Bou","ES","1997-01-16",,,
"Burgos-BH","BBH","ES","Pro Tour","Alex  Molenaar","NL","1999-07-13","Rotterdam","63","1.84"
"Sport Vlaanderen - Baloise","SVB","BE","Pro Tour","Sander De Pestel","BE","1998-10-11","Sint-Niklaas","74","1.84"
"EF Education-EasyPost","EFE","US","World Tour","Tom  Scully","NZ","1990-01-14","Invercargill","85","1.88"
"Trek - Segafredo","TFS","US","World Tour","Mattias  Skjelmose ","DK","2000-09-26","Copenhagen","65","1.8"
"Movistar Team","MOV","ES","World Tour","Antonio  Pedrero","ES","1991-10-23","Terrassa","60","1.77"
"Astana Qazaqstan Team","AST","KZ","World Tour","Andrey  Zeits","KZ","1986-12-14","Oblast Pavlodar","73","1.89"
"UAE Team Emirates","UAD","AE","World Tour","Vegard Stake  Laengen","NO","1989-02-07","Fredrikstad","79","1.95"
"Euskaltel - Euskadi","EUS","ES","Pro Tour","Antonio  Angulo","ES","1992-02-18","El Llano Udías","67","1.75"
"Lotto Soudal","LTS","BE","World Tour","Sylvain  Moniquet","BE","1998-01-14","Namur","61","1.75"
"B&B Hotels - KTM","BBK","FR","Pro Tour","Jordi  Warlop","BE","1996-06-04","Veurne","72","1.81"
"AG2R Citroën Team","ACT","FR","World Tour","Andrea  Vendrame","IT","1994-07-20","Conegliano","60","1.68"
"Movistar Team","MOV","ES","World Tour","Gonzalo  Serrano","ES","1994-08-17","Madrid","65","1.77"
"INEOS Grenadiers","IGD","GB","World Tour","Luke  Plapp","AU","2000-12-25","Melbourne","72","1.81"
"BORA - hansgrohe","BOH","DE","World Tour","Aleksandr  Vlasov","RU","1996-04-23","Vyborg","68","1.86"
"TotalEnergies","TEN","FR","Pro Tour","Anthony  Turgis","FR","1994-05-16","Bourg-la-Reine","70","1.78"
"Team BikeExchange - Jayco","BEX","AU","World Tour","Michael  Matthews","AU","1990-09-26"," Canberra","72","1.78"
"BORA - hansgrohe","BOH","DE","World Tour","Matthew  Walls","GB","1998-04-20","Manchester","72","1.77"
"UAE Team Emirates","UAD","AE","World Tour","Álvaro José  Hodeg","CO","1996-09-16","Montería","76","1.83"
"Alpecin-Deceuninck","ADC","BE","Pro Tour","Michael  Gogl","AT","1993-11-04","Gmunden","71","1.86"
"BORA - hansgrohe","BOH","DE","World Tour","Lennard  Kämna","DE","1996-09-09","Wedel","65","1.81"
"Intermarché - Wanty - Gobert Matériaux","IWG","BE","World Tour","Tom  Devriendt","BE","1991-10-29","Veurne","70","1.76"
"Alpecin-Deceuninck","ADC","BE","Pro Tour","Lionel  Taminiaux","BE","1996-05-21","Ottignies-Louvain-la-Neuve","74","1.73"
"AG2R Citroën Team","ACT","FR","World Tour","Valentin  Paret-Peintre","FR","2001-01-14","Annemasse","52","1.76"
"Drone Hopper -  Androni Giocattoli","DRA","IT","Pro Tour","Luca  Chirico","IT","1992-07-16","Varese","58","1.67"
"EOLO-Kometa","EOK","IT","Pro Tour","Francesco  Gavazzi","IT","1984-08-01","Morbegno","65","1.71"
"INEOS Grenadiers","IGD","GB","World Tour","Filippo  Ganna","IT","1996-07-25","Verbania","83","1.93"
"Cofidis","COF","FR","World Tour","Alexis  Renard","FR","1999-06-01","Saint-Brieuc","75","1.84"
"Quick-Step Alpha Vinyl Team","QST","BE","World Tour","Ethan  Vernon","GB","2000-08-26","Bedford","74","1.88"
"B&B Hotels - KTM","BBK","FR","Pro Tour","Louis  Rouland","FR","2002-10-21",,"55","1.84"
"Jumbo-Visma","TJV","NL","World Tour","Sam  Oomen","NL","1995-08-15","Tilburg","65","1.77"
"B&B Hotels - KTM","BBK","FR","Pro Tour","Luca  Mozzato","IT","1998-02-15","Arzignano","67","1.78"
"Groupama - FDJ","GFC","FR","World Tour","Anthony  Roux","FR","1987-04-18","Verdun","73","1.88"
"Jumbo-Visma","TJV","NL","World Tour","Christophe  Laporte","FR","1992-12-11","La Seyne-sur-Mer","76","1.91"
"Team Arkéa Samsic","ARK","FR","Pro Tour","Benjamin  Declercq","BE","1994-02-04","Kortrijk","67","1.82"
"Team Arkéa Samsic","ARK","FR","Pro Tour","Łukasz  Owsian","PL","1990-02-24","Toruń","66","1.8"
"Movistar Team","MOV","ES","World Tour","Vinicius  Rangel","BR","2001-05-26","Cabo Frio","64","1.78"
"Alpecin-Deceuninck","ADC","BE","Pro Tour","Silvan  Dillier","CH","1990-08-03","Aarau","75","1.83"
"Bingoal Pauwels Sauces WB","BWB","BE","Pro Tour","Rémy  Mertz","BE","1995-07-17","Luxembourg","70","1.75"
"Bardiani-CSF-Faizanè","BCF","IT","Pro Tour","Filippo  Magli","IT","1999-04-29",,,
"Team BikeExchange - Jayco","BEX","AU","World Tour","Kevin  Colleoni","IT","1999-11-11","Ponte San Pietro","66","1.8"
"Intermarché - Wanty - Gobert Matériaux","IWG","BE","World Tour","Taco van der Hoorn","NL","1993-12-04","Rotterdam","73","1.87"
"Drone Hopper -  Androni Giocattoli","DRA","IT","Pro Tour","Martí  Vigo","ES","1997-12-22","Sesué","66","1.75"
"Sport Vlaanderen - Baloise","SVB","BE","Pro Tour","Ward  Vanhoof","BE","1999-04-18","Mol","75","1.86"
"Lotto Soudal","LTS","BE","World Tour","Brent Van Moer","BE","1998-01-12","Beveren","79","1.9"
"Bingoal Pauwels Sauces WB","BWB","BE","Pro Tour","Dorian De Maeght","BE","1997-08-13","Elsene","79","1.81"
"Euskaltel - Euskadi","EUS","ES","Pro Tour","Ibai  Azurmendi","ES","1996-06-11",,,
"Quick-Step Alpha Vinyl Team","QST","BE","World Tour","Fabio  Jakobsen","NL","1996-08-31","Gorinchem","78","1.81"
"Jumbo-Visma","TJV","NL","World Tour","Tosh Van der Sande","BE","1990-11-28"," Wijnegem","67","1.78"
"Bingoal Pauwels Sauces WB","BWB","BE","Pro Tour","Timothy  Dupont","BE","1987-11-01","Ghent","72","1.79"
"Quick-Step Alpha Vinyl Team","QST","BE","World Tour","Dries  Devenyns","BE","1983-07-22","Leuven","65","1.77"
"Team Arkéa Samsic","ARK","FR","Pro Tour","Donavan  Grondin","FR","2000-09-26","Saint-Pierre","77","1.84"
"Drone Hopper -  Androni Giocattoli","DRA","IT","Pro Tour","Santiago  Umba","CO","2002-11-20","Arcabuco","58","1.7"
"AG2R Citroën Team","ACT","FR","World Tour","Clément  Venturini","FR","1993-10-16","Villeurbanne","60","1.65"
"UAE Team Emirates","UAD","AE","World Tour","Fernando  Gaviria","CO","1994-08-19","La Ceja","71","1.81"
"Alpecin-Deceuninck","ADC","BE","Pro Tour","Senne  Leysen","BE","1996-03-18","Tielen","78","1.9"
"Sport Vlaanderen - Baloise","SVB","BE","Pro Tour","Aaron  Verwilst","BE","1997-05-02","Ruiselede","68","1.81"
"UAE Team Emirates","UAD","AE","World Tour","Finn  Fisher-Black","NZ","2001-12-21","Benenden","73","1.87"
"Cofidis","COF","FR","World Tour","Jelle  Wallays","BE","1989-05-11","Roeselare","77","1.86"
"Bardiani-CSF-Faizanè","BCF","IT","Pro Tour","Giulio  Pellizzari","IT","2003-11-21",,,
"INEOS Grenadiers","IGD","GB","World Tour","Adam  Yates","GB","1992-08-07","Bury","58","1.73"
"Israel - Premier Tech","IPT","IL","World Tour","Taj  Jones","AU","2000-07-26","Nambour","82","1.91"
"Quick-Step Alpha Vinyl Team","QST","BE","World Tour","Remco  Evenepoel","BE","2000-01-25","Aalst","61","1.71"
"EF Education-EasyPost","EFE","US","World Tour","James  Shaw","GB","1996-06-13","Nottingham","63","1.79"
"EF Education-EasyPost","EFE","US","World Tour","Stefan  Bissegger","CH","1998-09-13","Weinfelden","78","1.81"
"Bahrain - Victorious","TBV","BH","World Tour","Heinrich  Haussler","AU","1984-02-25","Inverell","74","1.81"
"Lotto Soudal","LTS","BE","World Tour","Harm  Vanhoucke","BE","1997-06-17","Kortrijk","65","1.81"
"Equipo Kern Pharma","EKP","ES","Pro Tour","José Félix  Parra","ES","1997-01-16","Ossa de Montiel ","57","1.71"
"Astana Qazaqstan Team","AST","KZ","World Tour","Manuele  Boaro","IT","1987-03-12"," Bassano del Grappa","64","1.73"
"Trek - Segafredo","TFS","US","World Tour","Toms  Skujiņš","LV","1991-06-15","Sigulda","70","1.81"
"Astana Qazaqstan Team","AST","KZ","World Tour","Valerio  Conti","IT","1993-03-30","Rome","61","1.72"
"Quick-Step Alpha Vinyl Team","QST","BE","World Tour","Stan Van Tricht","BE","1999-09-20","Leuven","64","1.74"
"Groupama - FDJ","GFC","FR","World Tour","Valentin  Madouas","FR","1996-07-12","Brest","71","1.79"
"Jumbo-Visma","TJV","NL","World Tour","Gijs  Leemreize","NL","1999-10-23","Ruurlo","74","1.9"
"Cofidis","COF","FR","World Tour","Simone  Consonni","IT","1994-09-12"," Ponte San Pietro","60","1.65"
"AG2R Citroën Team","ACT","FR","World Tour","Clément  Berthet","FR","1997-08-02","Pierre Bénite","68","1.84"
"UAE Team Emirates","UAD","AE","World Tour","Rafał  Majka","PL","1989-09-12","Zegartowice","62","1.73"
"Drone Hopper -  Androni Giocattoli","DRA","IT","Pro Tour","Eduardo  Sepúlveda","AR","1991-06-13","Rawson","59","1.73"
"EOLO-Kometa","EOK","IT","Pro Tour","David  Martin","ES","1999-02-19","Sevilla","68","1.77"
"Alpecin-Deceuninck","ADC","BE","Pro Tour","Oscar  Riesebeek","NL","1992-12-23","Ede","78","1.91"
"EF Education-EasyPost","EFE","US","World Tour","Ben  Healy","IE","2000-09-11","Kingswinford","65","1.75"
"Uno-X Pro Cycling Team","UXT","NO","Pro Tour","Ådne  Holter","NO","2000-07-08",,,"1.84"
"Team BikeExchange - Jayco","BEX","AU","World Tour","Alex  Edmondson","AU","1993-12-22","Miri","75","1.83"
"Team BikeExchange - Jayco","BEX","AU","World Tour","Matteo  Sobrero","IT","1997-05-14","Alba","63","1.77"
"TotalEnergies","TEN","FR","Pro Tour","Niki  Terpstra","NL","1984-05-18","Beverwijk","75","1.9"
"Caja Rural - Seguros RGA","CJR","ES","Pro Tour","Mikel  Nieve","ES","1984-05-26","Leitza","62","1.73"
"Trek - Segafredo","TFS","US","World Tour","Giulio  Ciccone","IT","1994-12-20","Chieti","58","1.76"
"INEOS Grenadiers","IGD","GB","World Tour","Jonathan  Castroviejo","ES","1987-04-27","Getxo","62","1.71"
"Lotto Soudal","LTS","BE","World Tour","Victor  Campenaerts","BE","1991-10-28","Hoboken","68","1.73"
"Movistar Team","MOV","ES","World Tour","Alejandro  Valverde","ES","1980-04-25","Murcia","61","1.77"
"Team DSM","DSM","NL","World Tour","Thymen  Arensman","NL","1999-12-04","Deil","68","1.92"
"B&B Hotels - KTM","BBK","FR","Pro Tour","Victor  Koretzky","FR","1994-08-26","Béziers","69","1.8"
"Alpecin-Deceuninck","ADC","BE","Pro Tour","Jasper  Philipsen","BE","1998-03-02","Ham","75","1.76"
"Israel - Premier Tech","IPT","IL","World Tour","Itamar  Einhorn","IL","1997-09-20","Modi'in","72","1.72"
"Cofidis","COF","FR","World Tour","Kenneth  Vanbilsen","BE","1990-06-01","Herk-de-Stad","73","1.84"
"Sport Vlaanderen - Baloise","SVB","BE","Pro Tour","Vito  Braet","BE","2000-11-02","Zwevezele","68","1.84"
"Equipo Kern Pharma","EKP","ES","Pro Tour","Mikel  Retegi","ES","2001-04-27","Barañain","64","1.77"
"Cofidis","COF","FR","World Tour","José  Herrada","ES","1985-10-01","Mota del Cuervo","65","1.75"
"EOLO-Kometa","EOK","IT","Pro Tour","Arturo  Grávalos","ES","1998-03-02","Zaragoza","72","1.85"
"Team DSM","DSM","NL","World Tour","Chris  Hamilton","AU","1995-05-18","Bendigo ","70","1.78"
"Quick-Step Alpha Vinyl Team","QST","BE","World Tour","Julian  Alaphilippe","FR","1992-06-11","Saint-Amand-Montrond","62","1.73"
"Astana Qazaqstan Team","AST","KZ","World Tour","Vadim  Pronskiy","KZ","1998-06-04","Astana","58","1.73"
"EOLO-Kometa","EOK","IT","Pro Tour","Giovanni  Lonardi","IT","1996-11-09","Verona","70","1.8"
"AG2R Citroën Team","ACT","FR","World Tour","Mikaël  Cherel","FR","1986-03-17","Saint-Hilaire-du-Harcouët","65","1.86"
"Cofidis","COF","FR","World Tour","Axel  Zingle","FR","1998-12-18","Mulhouse","67","1.73"
"Movistar Team","MOV","ES","World Tour","Johan  Jacobs","CH","1997-03-01","Winterthur ","78","1.92"
"Caja Rural - Seguros RGA","CJR","ES","Pro Tour","Jhojan  García","CO","1998-01-10","Bogotá","55","1.68"
"Trek - Segafredo","TFS","US","World Tour","Emīls  Liepiņš","LV","1992-10-29","Dobele","67","1.75"
"Equipo Kern Pharma","EKP","ES","Pro Tour","Álex  Jaime","ES","1998-09-29","Sarrià de Ter","68","1.83"
"Uno-X Pro Cycling Team","UXT","NO","Pro Tour","Tobias Halland  Johannessen","NO","1999-08-23","Drøbak","62","1.76"
"Trek - Segafredo","TFS","US","World Tour","Juan Pedro  López","ES","1997-07-31","Lebrija","60","1.7"
"Groupama - FDJ","GFC","FR","World Tour","Antoine  Duchesne","CA","1991-09-12"," Saguenay","75","1.9"
"Alpecin-Deceuninck","ADC","BE","Pro Tour","Edward  Planckaert","BE","1995-02-01","Kortrijk","71","1.78"
"BORA - hansgrohe","BOH","DE","World Tour","Jai  Hindley","AU","1996-05-05","Perth","60","1.75"
"Team BikeExchange - Jayco","BEX","AU","World Tour","Simon  Yates","GB","1992-08-07","Bury","58","1.72"
"Bingoal Pauwels Sauces WB","BWB","BE","Pro Tour","Marco  Tizza","IT","1992-02-06","Giussano","58","1.73"
"Equipo Kern Pharma","EKP","ES","Pro Tour","Iván  Moreno","ES","1996-05-27","Castellón de la Plana","56","1.67"
"Bingoal Pauwels Sauces WB","BWB","BE","Pro Tour","Louis  Blouwe","BE","1999-11-19","Izegem","71","1.82"
"Intermarché - Wanty - Gobert Matériaux","IWG","BE","World Tour","Kobe  Goossens","BE","1996-04-29","Leuven","64","1.78"
"Lotto Soudal","LTS","BE","World Tour","Rüdiger  Selig","DE","1989-02-19","Zwenkau","80","1.88"
"Bahrain - Victorious","TBV","BH","World Tour","Yukiya  Arashiro","JP","1984-09-22","Ishigaki","64","1.7"
"Trek - Segafredo","TFS","US","World Tour","Jacopo  Mosca","IT","1993-08-29","Savigliano","65","1.73"
"Equipo Kern Pharma","EKP","ES","Pro Tour","Urko  Berrade","ES","1997-11-28","Pamplona","68","1.84"
"Team BikeExchange - Jayco","BEX","AU","World Tour","Alexander  Konychev","IT","1998-07-25","Verona","76","1.85"
"BORA - hansgrohe","BOH","DE","World Tour","Sergio  Higuita","CO","1997-08-01","Medellín","57","1.66"
"Drone Hopper -  Androni Giocattoli","DRA","IT","Pro Tour","Andrea  Piccolo","IT","2001-03-23","Magenta","64","1.81"
"Intermarché - Wanty - Gobert Matériaux","IWG","BE","World Tour","Georg  Zimmermann","DE","1997-10-11","Augsburg","70","1.81"
"UAE Team Emirates","UAD","AE","World Tour","Diego  Ulissi","IT","1989-07-15","Cecina","63","1.75"
"Intermarché - Wanty - Gobert Matériaux","IWG","BE","World Tour","Sven Erik  Bystrøm","NO","1992-01-21","Haugesund","73","1.88"
"Bingoal Pauwels Sauces WB","BWB","BE","Pro Tour","Julien  Desmarets","BE","1999-10-18",,"69","1.8"
"B&B Hotels - KTM","BBK","FR","Pro Tour","Jens  Debusschere","BE","1989-08-28"," Roeselare","77","1.84"
"Quick-Step Alpha Vinyl Team","QST","BE","World Tour","Tim  Declercq","BE","1989-03-21"," Leuven","78","1.9"
"Israel - Premier Tech","IPT","IL","World Tour","Matthias  Brändle","AT","1989-12-07","Hohenems","80","1.9"
"Cofidis","COF","FR","World Tour","Rubén  Fernández","ES","1991-03-01","Murcia","60","1.77"
"Astana Qazaqstan Team","AST","KZ","World Tour","Artyom  Zakharov","KZ","1991-10-27","Petropavl","70","1.79"
"Astana Qazaqstan Team","AST","KZ","World Tour","Miguel Ángel  López","CO","1994-02-04","Pesca","59","1.64"
"Astana Qazaqstan Team","AST","KZ","World Tour","Alexandr  Riabushenko","BY","1995-10-12","Minsk","61","1.78"
"Drone Hopper -  Androni Giocattoli","DRA","IT","Pro Tour","Edoardo  Zardini","IT","1989-11-02","Peschiera del Garda","62","1.73"
"Caja Rural - Seguros RGA","CJR","ES","Pro Tour","Joel  Nicolau","ES","1997-12-23","Llofriu","66","1.76"
"Team BikeExchange - Jayco","BEX","AU","World Tour","Luka  Mezgec","SI","1988-06-27","Kranj","72","1.83"
"Drone Hopper -  Androni Giocattoli","DRA","IT","Pro Tour","Ricardo Alejandro  Zurita","ES","2000-11-10","Pariaguán","62","1.7"
"Euskaltel - Euskadi","EUS","ES","Pro Tour","Xabier Mikel  Azparren","ES","1999-02-25",,,
"INEOS Grenadiers","IGD","GB","World Tour","Egan  Bernal","CO","1997-01-13","Bogotá","60","1.75"
"Team BikeExchange - Jayco","BEX","AU","World Tour","Luke  Durbridge","AU","1991-04-09","Greenmount","78","1.87"
"Burgos-BH","BBH","ES","Pro Tour","José Manuel  Díaz","ES","1995-01-18","Jaén","64","1.77"
"AG2R Citroën Team","ACT","FR","World Tour","Dorian  Godon","FR","1996-05-25","Vitry-sur-Seine","73","1.91"
"Cofidis","COF","FR","World Tour","Rémy  Rochas","FR","1996-05-18","La Motte-Servolex","51","1.64"
"UAE Team Emirates","UAD","AE","World Tour","Alexys  Brunel","FR","1998-10-10","Boulogne-sur-Mer","70","1.91"
"Team Arkéa Samsic","ARK","FR","Pro Tour","Kévin  Vauquelin","FR","2001-04-26","Bayeux","69","1.76"
"Euskaltel - Euskadi","EUS","ES","Pro Tour","Unai  Cuadrado","ES","1997-09-26",,,
"Groupama - FDJ","GFC","FR","World Tour","Bram  Welten","NL","1997-03-29","Tilburg","81","1.88"
"Bahrain - Victorious","TBV","BH","World Tour","Matevž  Govekar","SI","2000-04-17","Ljubljana","73","1.8"
"BORA - hansgrohe","BOH","DE","World Tour","Lukas  Pöstlberger","AT","1992-01-10","Vöcklabruck","70","1.82"
"AG2R Citroën Team","ACT","FR","World Tour","Valentin  Retailleau","FR","2000-06-18","Limoges","64","1.81"
"Drone Hopper -  Androni Giocattoli","DRA","IT","Pro Tour","Trym Westgaard  Holther","NO","2003-07-09","Askim","68","1.82"
"Jumbo-Visma","TJV","NL","World Tour","Edoardo  Affini","IT","1996-06-24","Mantua","80","1.9"
"AG2R Citroën Team","ACT","FR","World Tour","Stan  Dewulf","BE","1997-12-20","Stavele","74","1.76"
"INEOS Grenadiers","IGD","GB","World Tour","Ben  Tulett","GB","2001-08-26","Sevenoaks","56","1.69"
"Israel - Premier Tech","IPT","IL","World Tour","James  Piccoli","CA","1991-09-05","Montreal","65","1.78"
"BORA - hansgrohe","BOH","DE","World Tour","Patrick  Gamper","AT","1997-02-18","Wien","80","1.94"
"Israel - Premier Tech","IPT","IL","World Tour","Michael  Woods","CA","1986-10-12","Toronto","64","1.75"
"EF Education-EasyPost","EFE","US","World Tour","Alberto  Bettiol","IT","1993-10-29","Poggibonsi","69","1.8"
"EOLO-Kometa","EOK","IT","Pro Tour","Diego Pablo  Sevilla","ES","1996-03-04","San Martín de la Vega","64","1.71"
"UAE Team Emirates","UAD","AE","World Tour","Tadej  Pogačar","SI","1998-09-21","Klanec","66","1.76"
"Bingoal Pauwels Sauces WB","BWB","BE","Pro Tour","Attilio  Viviani","IT","1996-10-18","Vallese","69","1.74"
"EF Education-EasyPost","EFE","US","World Tour","Odd Christian  Eiking","NO","1994-12-28","Stord","75","1.81"
"Alpecin-Deceuninck","ADC","BE","Pro Tour","Robert  Stannard","AU","1998-09-16","Sydney","74","1.79"
"Quick-Step Alpha Vinyl Team","QST","BE","World Tour","Martin  Svrček","SK","2003-02-17","Nesluša","66","1.75"
"Israel - Premier Tech","IPT","IL","World Tour","Guy  Sagiv","IL","1994-12-05","Namur","68","1.8"
"TotalEnergies","TEN","FR","Pro Tour","Fabien  Grellier","FR","1994-10-31","La Roche-sur-Yon","65","1.8"
"Astana Qazaqstan Team","AST","KZ","World Tour","Igor  Chzhan","KZ","1999-10-02","Taldykorgan","71","1.85"
"Movistar Team","MOV","ES","World Tour","Juri  Hollmann","DE","1999-08-30","Berlin","70","1.84"
"Israel - Premier Tech","IPT","IL","World Tour","Carl Fredrik  Hagen","NO","1991-09-26","Oppegård","65","1.8"
"Team Arkéa Samsic","ARK","FR","Pro Tour","Élie  Gesbert","FR","1995-07-01","Saint-Brieuc","63","1.81"
"Team DSM","DSM","NL","World Tour","Alberto  Dainese","IT","1998-03-25","Abano Terme","70","1.76"
"Caja Rural - Seguros RGA","CJR","ES","Pro Tour","Iúri  Leitão","PT","1998-07-03","Viana do Castelo","65","1.75"
"Bardiani-CSF-Faizanè","BCF","IT","Pro Tour","Sacha  Modolo","IT","1987-06-19","Conegliano","67","1.8"
"BORA - hansgrohe","BOH","DE","World Tour","Nils  Politt","DE","1994-03-06","Cologne","80","1.92"
"Astana Qazaqstan Team","AST","KZ","World Tour","Simone  Velasco","IT","1995-12-02","Bologna","59","1.7"
"Quick-Step Alpha Vinyl Team","QST","BE","World Tour","Josef  Černý","CZ","1993-05-11","Frýdek-Místek","77","1.88"
"Astana Qazaqstan Team","AST","KZ","World Tour","Fabio  Felline","IT","1990-03-29","Turin","68","1.75"
"INEOS Grenadiers","IGD","GB","World Tour","Andrey  Amador","CR","1986-08-29","San José","73","1.8"
"TotalEnergies","TEN","FR","Pro Tour","Chris  Lawless","GB","1995-11-04","Wigan","72","1.78"
"Cofidis","COF","FR","World Tour","François  Bidard","FR","1992-03-19","Lonlay-l'Abbaye","65","1.8"
"Groupama - FDJ","GFC","FR","World Tour","Miles  Scotson","AU","1994-01-18","Adelaide","76","1.91"
"Cofidis","COF","FR","World Tour","Andre  Carvalho","PT","1997-10-31","Vila Nova de Famalicão","66","1.81"
"UAE Team Emirates","UAD","AE","World Tour","Andrés Camilo  Ardila","CO","1999-06-02","Mariquita","59","1.7"
"AG2R Citroën Team","ACT","FR","World Tour","Bastien  Tronchon","FR","2002-03-29","Chambéry","72","1.82"
"UAE Team Emirates","UAD","AE","World Tour","Mikkel  Bjerg","DK","1998-11-03","Copenhagen","78","1.9"
"Bardiani-CSF-Faizanè","BCF","IT","Pro Tour","Davide  Gabburo","IT","1993-04-01","Bovolone","63","1.72"
"Alpecin-Deceuninck","ADC","BE","Pro Tour","Kristian  Sbaragli","IT","1990-05-08","Empoli","74","1.75"
"BORA - hansgrohe","BOH","DE","World Tour","Danny van Poppel","NL","1993-07-26","Moergestel","82","1.84"
"EOLO-Kometa","EOK","IT","Pro Tour","Lorenzo  Fortunato","IT","1996-05-09","Bologna","55","1.7"
"Team Arkéa Samsic","ARK","FR","Pro Tour","Alan  Riou","FR","1997-04-02","Lannion","68","1.76"
"TotalEnergies","TEN","FR","Pro Tour","Fabien  Doubey","FR","1993-10-21","Viriat","62","1.74"
"UAE Team Emirates","UAD","AE","World Tour","Alessandro  Covi","IT","1998-09-28","Borgomanero","66","1.8"
"Trek - Segafredo","TFS","US","World Tour","Antonio  Tiberi","IT","2001-06-24","Frosinone","62","1.82"
"AG2R Citroën Team","ACT","FR","World Tour","Lawrence  Naesen","BE","1992-08-28","Berlare","72","1.9"
"Jumbo-Visma","TJV","NL","World Tour","Tim van Dijke","NL","2000-03-15","Goes","74","1.89"
"Groupama - FDJ","GFC","FR","World Tour","Michael  Storer","AU","1997-02-28","Perth","63","1.74"
"Burgos-BH","BBH","ES","Pro Tour","Óscar  Cabedo","ES","1994-11-12","Onda","53","1.74"
"Israel - Premier Tech","IPT","IL","World Tour","Corbin  Strong","NZ","2000-04-30","Invercargill","64","1.71"
"Quick-Step Alpha Vinyl Team","QST","BE","World Tour","Stijn  Steels","BE","1989-08-21","Ghent","78","1.82"
"Lotto Soudal","LTS","BE","World Tour","Philippe  Gilbert","BE","1982-07-05","Verviers","75","1.78"
"Movistar Team","MOV","ES","World Tour","Iván  García Cortina","ES","1995-11-20","Gijón","77","1.83"
"TotalEnergies","TEN","FR","Pro Tour","Cristián  Rodríguez","ES","1995-03-03","El Ejido","56","1.78"
"B&B Hotels - KTM","BBK","FR","Pro Tour","Thibault  Ferasse","FR","1994-09-12","Saint-Brieuc","61","1.68"
"INEOS Grenadiers","IGD","GB","World Tour","Brandon Smith  Rivera","CO","1996-03-21","Zipaquirá","60","1.7"
"Burgos-BH","BBH","ES","Pro Tour","Felipe  Orts","ES","1995-04-01","Villajoyosa","70","1.79"
"EF Education-EasyPost","EFE","US","World Tour","Mark  Padun","UA","1996-07-06","Donetsk","67","1.83"
"Bardiani-CSF-Faizanè","BCF","IT","Pro Tour","Alessandro  Tonelli","IT","1992-05-29","Brescia","64","1.76"
"Drone Hopper -  Androni Giocattoli","DRA","IT","Pro Tour","Umberto  Marengo","IT","1992-07-21","Javein","69","1.79"
"BORA - hansgrohe","BOH","DE","World Tour","Giovanni  Aleotti","IT","1999-05-25","Mirandola","67","1.8"
"Bahrain - Victorious","TBV","BH","World Tour","Alejandro  Osorio","CO","1998-05-28","El Carmen de Viboral","62","1.81"
"TotalEnergies","TEN","FR","Pro Tour","Maciej  Bodnar","PL","1985-03-07","Oława","77","1.86"
"B&B Hotels - KTM","BBK","FR","Pro Tour","Sebastian  Schönberger","AT","1994-05-14","Linz","64","1.81"
"Groupama - FDJ","GFC","FR","World Tour","David  Gaudu","FR","1996-10-10","Landivisiau","53","1.72"
"Bingoal Pauwels Sauces WB","BWB","BE","Pro Tour","Ceriel  Desal","BE","1999-10-20","Roeselare","76","1.89"
"Quick-Step Alpha Vinyl Team","QST","BE","World Tour","Zdeněk  Štybar","CZ","1985-12-11","Planá","68","1.83"
"Burgos-BH","BBH","ES","Pro Tour","Ángel  Madrazo","ES","1988-07-30","Santander","61","1.71"
"Movistar Team","MOV","ES","World Tour","Carlos  Verona","ES","1992-11-04","San Lorenzo de El Escorial","68","1.86"
"AG2R Citroën Team","ACT","FR","World Tour","Larry  Warbasse","US","1990-06-28","Traverse City","67","1.8"
"Israel - Premier Tech","IPT","IL","World Tour","Giacomo  Nizzolo","IT","1989-01-30","Milan","72","1.84"
"Movistar Team","MOV","ES","World Tour","Gregor  Mühlberger","AT","1994-04-04","Haidershofen ","64","1.8"
"BORA - hansgrohe","BOH","DE","World Tour","Anton  Palzer","DE","1993-03-11","Berchtesgaden","62","1.78"
"Team DSM","DSM","NL","World Tour","Romain  Bardet","FR","1990-11-09"," Brioude","65","1.85"
"Bardiani-CSF-Faizanè","BCF","IT","Pro Tour","Johnatan  Cañaveral","CO","1996-11-02",,,
"TotalEnergies","TEN","FR","Pro Tour","Valentin  Ferron","FR","1998-02-08","Vienne","67","1.74"
"Bahrain - Victorious","TBV","BH","World Tour","Jan  Tratnik","SI","1990-02-23","Ljubljana","67","1.73"
"Movistar Team","MOV","ES","World Tour","Iñigo  Elosegui","ES","1998-03-06","Zierbena","64","1.88"
"Team BikeExchange - Jayco","BEX","AU","World Tour","Davide De Pretto","IT","2002-04-19",,"58",
"Team BikeExchange - Jayco","BEX","AU","World Tour","Lawson  Craddock","US","1992-02-20","Houston","69","1.78"
"Astana Qazaqstan Team","AST","KZ","World Tour","Davide  Martinelli","IT","1993-05-31","Brescia","71","1.86"
"Team BikeExchange - Jayco","BEX","AU","World Tour","Kaden  Groves","AU","1998-12-23","Gympie","76","1.76"
"BORA - hansgrohe","BOH","DE","World Tour","Cesare  Benedetti","PL","1987-08-03","Rovereto","63","1.7"
"Intermarché - Wanty - Gobert Matériaux","IWG","BE","World Tour","Barnabás  Peák","HU","1998-11-29","Budapest","74","1.83"
"Intermarché - Wanty - Gobert Matériaux","IWG","BE","World Tour","Jan  Hirt","CZ","1991-01-21","Třebíč","62","1.81"
"BORA - hansgrohe","BOH","DE","World Tour","Sam  Bennett","IE","1990-10-16","Wervik","73","1.78"
"Astana Qazaqstan Team","AST","KZ","World Tour","Samuele  Battistella","IT","1998-11-14","Castelfranco Veneto","67","1.8"
"Intermarché - Wanty - Gobert Matériaux","IWG","BE","World Tour","Kévin Van Melsen","BE","1987-04-01","Verviers","77","1.85"
"TotalEnergies","TEN","FR","Pro Tour","Víctor de la Parte","ES","1986-06-22","Vitoria-Gasteiz","64","1.81"
"Team DSM","DSM","NL","World Tour","Marco  Brenner","DE","2002-08-27","Augsburg","59","1.78"
"UAE Team Emirates","UAD","AE","World Tour","Marc  Hirschi","CH","1998-08-24","Bern","61","1.74"
"Euskaltel - Euskadi","EUS","ES","Pro Tour","Iker  Mintegui","ES","2002-11-15",,,
"Caja Rural - Seguros RGA","CJR","ES","Pro Tour","Fernando  Barceló","ES","1996-01-06","Huesca","64","1.74"
"Astana Qazaqstan Team","AST","KZ","World Tour","Vincenzo  Nibali","IT","1984-11-14","Messina","65","1.81"
"Team BikeExchange - Jayco","BEX","AU","World Tour","Dion  Smith","NZ","1993-03-03","Taupaki","67","1.79"
"Israel - Premier Tech","IPT","IL","World Tour","Guillaume  Boivin","CA","1989-05-25","Montreal","78","1.82"
"B&B Hotels - KTM","BBK","FR","Pro Tour","Quentin  Jauregui","FR","1994-04-22","Cambrai","60","1.76"
"EF Education-EasyPost","EFE","US","World Tour","Ruben  Guerreiro","PT","1994-07-06","Montijo","65","1.78"
"Quick-Step Alpha Vinyl Team","QST","BE","World Tour","Michael  Mørkøv","DK","1985-04-30","Kokkedal","71","1.83"
"Burgos-BH","BBH","ES","Pro Tour","Manuel  Peñalver","ES","1998-12-10","Torrevieja","67","1.77"
"Team BikeExchange - Jayco","BEX","AU","World Tour","Dylan  Groenewegen","NL","1993-06-21","Amsterdam","70","1.77"
"Quick-Step Alpha Vinyl Team","QST","BE","World Tour","Simone  Raccani","IT","2001-03-02",,,
"Lotto Soudal","LTS","BE","World Tour","Maxim Van Gils","BE","1999-11-25","Brasschaat","63","1.74"
"Jumbo-Visma","TJV","NL","World Tour","Mike  Teunissen","NL","1992-08-25","Ysselsteyn","73","1.84"
"Euskaltel - Euskadi","EUS","ES","Pro Tour","Txomin  Juaristi","ES","1995-07-20","Markina-Xemein","67.5","1.82"
"Jumbo-Visma","TJV","NL","World Tour","Thomas  Gloag","GB","2001-09-13","East Dulwich","60","1.81"
"INEOS Grenadiers","IGD","GB","World Tour","Carlos  Rodríguez","ES","2001-02-02","Almuñécar","67","1.83"
"Team BikeExchange - Jayco","BEX","AU","World Tour","Nick  Schultz","AU","1994-09-13","Brisbane","68","1.8"
"Team DSM","DSM","NL","World Tour","Casper van Uden","NL","2001-07-22",,,"1.81"
"Bahrain - Victorious","TBV","BH","World Tour","Stephen  Williams","GB","1996-06-09","Aberystwyth","59","1.83"
"Quick-Step Alpha Vinyl Team","QST","BE","World Tour","Bert Van Lerberghe","BE","1992-09-29","Kortrijk","83","1.9"
"Team BikeExchange - Jayco","BEX","AU","World Tour","Jan  Maas","NL","1996-02-19","Bergen op Zoom","70","1.89"
"BORA - hansgrohe","BOH","DE","World Tour","Shane  Archbold","NZ","1989-02-02","Timaru","79","1.82"
"Jumbo-Visma","TJV","NL","World Tour","Pascal  Eenkhoorn","NL","1997-02-08","Genemuiden","70","1.85"
"Equipo Kern Pharma","EKP","ES","Pro Tour","Jon  Agirre","ES","1997-09-10","Zumaia","54","1.73"
"Cofidis","COF","FR","World Tour","Harrison  Wood","GB","2000-06-14",,"64","1.85"
"Uno-X Pro Cycling Team","UXT","NO","Pro Tour","Anthon  Charmig","DK","1998-03-25","Aarhus","66","1.82"
"Team BikeExchange - Jayco","BEX","AU","World Tour","Marceli  Bogusławski","PL","1997-09-07","Opoczno ","77","1.83"
"UAE Team Emirates","UAD","AE","World Tour","Rui  Costa","PT","1986-10-05","Póvoa de Varzim","75","1.83"
"Trek - Segafredo","TFS","US","World Tour","Asbjørn  Hellemose","DK","1999-01-15","Galten","65","1.92"
"Trek - Segafredo","TFS","US","World Tour","Filippo  Baroncini","IT","2000-08-26","Massa Lombarda","74","1.88"
"Equipo Kern Pharma","EKP","ES","Pro Tour","Martí  Márquez","ES","1996-02-09","Llinars del Vallès","63","1.84"
"TotalEnergies","TEN","FR","Pro Tour","Paul  Ourselin","FR","1994-04-13","Saint-Pierre-sur-Dives","70","1.85"
"INEOS Grenadiers","IGD","GB","World Tour","Michał  Kwiatkowski","PL","1990-06-02","Chełmża","68","1.76"
"AG2R Citroën Team","ACT","FR","World Tour","Paul  Lapeira","FR","2000-05-25","Fougères","64","1.76"
"INEOS Grenadiers","IGD","GB","World Tour","Daniel Felipe  Martínez","CO","1996-04-25","Soacha","63","1.72"
"Euskaltel - Euskadi","EUS","ES","Pro Tour","Mikel  Iturria","ES","1992-03-16","Urnieta","69","1.85"
"Sport Vlaanderen - Baloise","SVB","BE","Pro Tour","Jens  Reynders","BE","1998-05-25","Tongeren","76","1.84"
"Team Arkéa Samsic","ARK","FR","Pro Tour","Amaury  Capiot","BE","1993-06-25","Tongeren","69","1.86"
"EOLO-Kometa","EOK","IT","Pro Tour","Davide  Bais","IT","1998-04-02","Rovereto","66","1.83"
"Jumbo-Visma","TJV","NL","World Tour","Michel  Hessmann","DE","2001-04-06","Münster","78","1.91"
"Lotto Soudal","LTS","BE","World Tour","Filippo  Conca","IT","1998-09-22","Lecco ","80","1.91"
"EOLO-Kometa","EOK","IT","Pro Tour","Márton  Dina","HU","1996-04-11","Budapest","67","1.86"
"Team BikeExchange - Jayco","BEX","AU","World Tour","Jesús David  Peña","CO","2000-05-08","Zipaquirá","56","1.7"
"Astana Qazaqstan Team","AST","KZ","World Tour","Gianni  Moscon","IT","1994-04-20","Trento","70","1.82"
"Quick-Step Alpha Vinyl Team","QST","BE","World Tour","Mikkel Frølich  Honoré","DK","1997-01-21","Fredericia","68","1.85"
"EF Education-EasyPost","EFE","US","World Tour","Hugh  Carthy","GB","1994-07-09","Preston","69","1.91"
"Caja Rural - Seguros RGA","CJR","ES","Pro Tour","Orluis  Aular","VE","1996-11-05","Nirgua","65","1.76"
"Movistar Team","MOV","ES","World Tour","Imanol  Erviti","ES","1983-11-15","Pamplona","82","1.9"
"Team DSM","DSM","NL","World Tour","Frederik  Rodenberg","DK","1998-01-22","Værløse","73","1.9"
"BORA - hansgrohe","BOH","DE","World Tour","Felix  Großschartner","AT","1993-12-23","Wels","64","1.84"
"INEOS Grenadiers","IGD","GB","World Tour","Kim  Heiduk","DE","2000-03-03","Herrenberg","70","1.84"
"Trek - Segafredo","TFS","US","World Tour","Kenny  Elissonde","FR","1991-07-22"," Longjumeau","52","1.69"
"Cofidis","COF","FR","World Tour","Jesús  Herrada","ES","1990-07-26","Mota del Cuervo","70","1.83"
"Uno-X Pro Cycling Team","UXT","NO","Pro Tour","Torjus  Sleen","NO","1997-03-30","Tønsberg","65","1.7"
"Astana Qazaqstan Team","AST","KZ","World Tour","Dmitriy  Gruzdev","KZ","1986-03-13","Astana","78","1.86"
"Israel - Premier Tech","IPT","IL","World Tour","Mads  Würtz Schmidt","DK","1994-03-31","Randers","70","1.76"
"Uno-X Pro Cycling Team","UXT","NO","Pro Tour","Rasmus  Tiller","NO","1996-07-28","Trondheim","84","1.87"
"AG2R Citroën Team","ACT","FR","World Tour","Oliver  Naesen","BE","1990-09-16","Oostende","74","1.85"
"Movistar Team","MOV","ES","World Tour","Jorge  Arcas","ES","1992-07-08","Sabiñánigo","68","1.87"
"Bahrain - Victorious","TBV","BH","World Tour","Mikel  Landa","ES","1989-12-13","Murgia","60","1.73"
"Team BikeExchange - Jayco","BEX","AU","World Tour","Sam  Bewley","NZ","1987-07-22","Rotorua","81","1.91"
"Team Arkéa Samsic","ARK","FR","Pro Tour","Michel  Ries","LU","1998-03-11","Luxembourg","67","1.84"
"EF Education-EasyPost","EFE","US","World Tour","Lachlan  Morton","AU","1992-01-02","Port Macquarie","62","1.8"
"Trek - Segafredo","TFS","US","World Tour","Alex  Kirsch","LU","1992-06-12","Luxembourg","78","1.94"
"Quick-Step Alpha Vinyl Team","QST","BE","World Tour","Yves  Lampaert","BE","1991-04-10","Izegem","75","1.8"
"Movistar Team","MOV","ES","World Tour","Iván Ramiro  Sosa","CO","1997-10-31","Pasca","58","1.68"
"Caja Rural - Seguros RGA","CJR","ES","Pro Tour","Julen  Amezqueta","ES","1993-08-12","Estella","63","1.74"
"Drone Hopper -  Androni Giocattoli","DRA","IT","Pro Tour","Mattia  Bais","IT","1996-10-19","Rovereto","66","1.75"
"Bardiani-CSF-Faizanè","BCF","IT","Pro Tour","Tomas  Trainini","IT","2001-09-23",,,"1.7"
"Lotto Soudal","LTS","BE","World Tour","Steff  Cras","BE","1996-02-13","Geel","65","1.83"
"B&B Hotels - KTM","BBK","FR","Pro Tour","Julien  Morice","FR","1991-07-20","Vannes","81","1.92"
"Bingoal Pauwels Sauces WB","BWB","BE","Pro Tour","Tom  Wirtgen","LU","1996-03-04","Dippach","77","1.9"
"Uno-X Pro Cycling Team","UXT","NO","Pro Tour","Sindre  Kulset","NO","1998-08-07","Oslo","68","1.83"
"Caja Rural - Seguros RGA","CJR","ES","Pro Tour","Joseba  López","ES","2000-03-05","Vitoria","66","1.82"
"Euskaltel - Euskadi","EUS","ES","Pro Tour","Mikel  Bizkarra","ES","1989-08-21","Mañaria","53","1.65"
"Team DSM","DSM","NL","World Tour","Sam  Welsford","AU","1996-01-19","Subiaco","79","1.8"
"Groupama - FDJ","GFC","FR","World Tour","Lars van den Berg","NL","1998-07-07","De Meern","72","1.85"
"INEOS Grenadiers","IGD","GB","World Tour","Jhonatan  Narváez","EC","1997-03-04","Playón de San Francisco","65","1.74"
"Team BikeExchange - Jayco","BEX","AU","World Tour","Elmar  Reinders","NL","1992-03-14","Emmen","78","1.9"
"Bardiani-CSF-Faizanè","BCF","IT","Pro Tour","Manuele  Tarozzi","IT","1998-06-20",,,
"INEOS Grenadiers","IGD","GB","World Tour","Magnus  Sheffield","US","2002-04-19","Pittsford","74","1.85"
"Alpecin-Deceuninck","ADC","BE","Pro Tour","Mathieu van der Poel","NL","1995-01-19","Kapellen","75","1.84"
"BORA - hansgrohe","BOH","DE","World Tour","Emanuel  Buchmann","DE","1992-11-18"," Ravensburg","59","1.8"
"Bardiani-CSF-Faizanè","BCF","IT","Pro Tour","Omar El Gouzi","MA","1999-08-16","Peschiera del Garda","58","1.81"
"UAE Team Emirates","UAD","AE","World Tour","Juan  Ayuso","ES","2002-09-16","Barcelona","65","1.81"
"Intermarché - Wanty - Gobert Matériaux","IWG","BE","World Tour","Laurens  Huys","BE","1998-09-24",,"61","1.62"
"Movistar Team","MOV","ES","World Tour","Will  Barta","US","1996-01-04","Boise","61","1.8"
"AG2R Citroën Team","ACT","FR","World Tour","Anthony  Jullien","FR","1998-03-05","Givors","72","1.78"
"Intermarché - Wanty - Gobert Matériaux","IWG","BE","World Tour","Domenico  Pozzovivo","IT","1982-11-30","Policoro","53","1.65"
"Caja Rural - Seguros RGA","CJR","ES","Pro Tour","Jon  Barrenetxea","ES","2000-04-20","Gamiz-Fika","74","1.88"
"Team Arkéa Samsic","ARK","FR","Pro Tour","Romain  Hardy","FR","1988-08-24","Flers","62","1.72"
"Groupama - FDJ","GFC","FR","World Tour","Matthieu  Ladagnous","FR","1984-12-12","Pau","73","1.82"
"BORA - hansgrohe","BOH","DE","World Tour","Martin  Laas","EE","1993-09-15","Tartu","74","1.76"
"Groupama - FDJ","GFC","FR","World Tour","Lewis  Askey","GB","2001-05-04","Cannock","75","1.87"
"AG2R Citroën Team","ACT","FR","World Tour","Lilian  Calmejane","FR","1992-12-06","Albi","69","1.84"
"Drone Hopper -  Androni Giocattoli","DRA","IT","Pro Tour","Alessandro  Bisolti","IT","1985-03-07","Gavardo","58","1.75"
"Burgos-BH","BBH","ES","Pro Tour","Adrià  Moreno","ES","1991-08-19","Olot","59","1.76"
"Movistar Team","MOV","ES","World Tour","Alex  Aranburu","ES","1995-09-19","Ezkio-Itsaso","63","1.78"
"Equipo Kern Pharma","EKP","ES","Pro Tour","Savva  Novikov","RU","1999-07-27","Tula","65","1.77"
"Uno-X Pro Cycling Team","UXT","NO","Pro Tour","Søren  Wærenskjold","NO","2000-03-12",,,"1.91"
"Israel - Premier Tech","IPT","IL","World Tour","Alexander  Cataford","CA","1993-09-01","Ottawa","70","1.83"
"Quick-Step Alpha Vinyl Team","QST","BE","World Tour","Davide  Ballerini","IT","1994-09-21","Cantù","77","1.83"
"Bahrain - Victorious","TBV","BH","World Tour","Fran  Miholjević","HR","2002-08-02",,"75","1.89"
"Team Arkéa Samsic","ARK","FR","Pro Tour","Clément  Russo","FR","1995-01-20","Lyon","73","1.87"
"Drone Hopper -  Androni Giocattoli","DRA","IT","Pro Tour","Andrii  Ponomar","UA","2002-09-05","Chernihiv","65","1.85"
"Trek - Segafredo","TFS","US","World Tour","Gianluca  Brambilla","IT","1987-08-22","Bellano","57","1.7"
"Team DSM","DSM","NL","World Tour","Mark  Donovan","GB","1999-04-03","Penrith","70","1.85"
"Groupama - FDJ","GFC","FR","World Tour","Tobias  Ludvigsson","SE","1991-02-22","Huskvarna","76","1.94"
"Bardiani-CSF-Faizanè","BCF","IT","Pro Tour","Luca  Covili","IT","1997-02-10","Pavullo nel Frignano","58","1.8"
"Trek - Segafredo","TFS","US","World Tour","Otto  Vergaerde","BE","1994-07-15","Melle","74","1.81"
"INEOS Grenadiers","IGD","GB","World Tour","Geraint  Thomas","GB","1986-05-25","Cardiff","71","1.83"
"BORA - hansgrohe","BOH","DE","World Tour","Jordi  Meeus","BE","1998-07-01","Lommel","80","1.9"
"Sport Vlaanderen - Baloise","SVB","BE","Pro Tour","Kamiel  Bonneu","BE","1999-08-01","Hamont-Achel","62","1.78"
"Drone Hopper -  Androni Giocattoli","DRA","IT","Pro Tour","Daniel  Muñoz","CO","1996-11-21","San Rafael","57","1.74"
"Groupama - FDJ","GFC","FR","World Tour","Thibaut  Pinot","FR","1990-05-29","Lure","63","1.8"
"TotalEnergies","TEN","FR","Pro Tour","Pierre  Latour","FR","1993-10-12","Romans-sur-Isère","66","1.81"
"Bahrain - Victorious","TBV","BH","World Tour","Johan  Price-Pejtersen","DK","1999-05-26","Frederiksberg","77","1.96"
"Astana Qazaqstan Team","AST","KZ","World Tour","Sebastián  Henao","CO","1993-08-05","Rionegro","57","1.71"
"Bahrain - Victorious","TBV","BH","World Tour","Hermann  Pernsteiner","AT","1990-08-07","Oberwart","55","1.68"
"Team BikeExchange - Jayco","BEX","AU","World Tour","Damien  Howson","AU","1992-08-13","Adelaide","68","1.88"
"Groupama - FDJ","GFC","FR","World Tour","Attila  Valter","HU","1998-06-12","Csömör","65","1.85"
"Jumbo-Visma","TJV","NL","World Tour","Robert  Gesink","NL","1986-05-31","Varsseveld","70","1.9"
"AG2R Citroën Team","ACT","FR","World Tour","Geoffrey  Bouchard","FR","1992-04-01","Dijon","63","1.78"
"B&B Hotels - KTM","BBK","FR","Pro Tour","Cyril  Gautier","FR","1987-09-26","Plouagat","65","1.69"
"INEOS Grenadiers","IGD","GB","World Tour","Salvatore  Puccio","IT","1989-08-31"," Menfi","68","1.82"
"Trek - Segafredo","TFS","US","World Tour","Edward  Theuns","BE","1991-04-30","Gent","72","1.83"
"Cofidis","COF","FR","World Tour","Hugo  Toumire","FR","2001-10-05","Rouen","69","1.8"
"Intermarché - Wanty - Gobert Matériaux","IWG","BE","World Tour","Julius  Johansen","DK","1999-09-13","Blovstrød","75","1.84"
"Team DSM","DSM","NL","World Tour","Casper  Pedersen","DK","1996-03-15","Copenhagen","74","1.86"
"BORA - hansgrohe","BOH","DE","World Tour","Wilco  Kelderman","NL","1991-03-25","Amersfoort","65","1.85"
"AG2R Citroën Team","ACT","FR","World Tour","Pierre  Gautherat","FR","2003-01-16","Colmar","70","1.77"
"Team DSM","DSM","NL","World Tour","Martijn  Tusveld","NL","1993-09-09","Utrecht","70","1.88"
"Cofidis","COF","FR","World Tour","Davide  Villella","IT","1991-06-27","Magenta","66","1.82"
"Movistar Team","MOV","ES","World Tour","Einer Augusto  Rubio","CO","1998-02-22","Chíquiza","56","1.64"
"Team DSM","DSM","NL","World Tour","Søren Kragh Andersen","DK","1994-08-10","Strib","73","1.78"
"AG2R Citroën Team","ACT","FR","World Tour","Nans  Peters","FR","1994-03-12","Grenoble","71","1.77"
"Jumbo-Visma","TJV","NL","World Tour","Timo  Roosen","NL","1993-01-11","Tilburg","78","1.93"
"Caja Rural - Seguros RGA","CJR","ES","Pro Tour","Josu  Etxeberria","ES","2000-09-09","Iturmendi","65","1.78"
"Astana Qazaqstan Team","AST","KZ","World Tour","Michele  Gazzoli","IT","1999-03-04","Ospitaletto","76","1.8"
"Movistar Team","MOV","ES","World Tour","Nelson  Oliveira","PT","1989-03-06","Anadia","67","1.8"
"Trek - Segafredo","TFS","US","World Tour","Mathias  Vacek","CZ","2002-06-12","Beroun","74","1.88"
"Uno-X Pro Cycling Team","UXT","NO","Pro Tour","Kristian  Kulset","NO","1995-10-01",,,"1.88"
"Equipo Kern Pharma","EKP","ES","Pro Tour","Sinuhé  Fernandez","ES","2000-06-15","Brañes","56","1.81"
"Astana Qazaqstan Team","AST","KZ","World Tour","Yevgeniy  Gidich","KZ","1996-05-19","Kökşetaw","69","1.79"
"TotalEnergies","TEN","FR","Pro Tour","Peter  Sagan","SK","1990-01-26","Žilina","78","1.82"
"Israel - Premier Tech","IPT","IL","World Tour","Guy  Niv","IL","1994-03-08","Misgav","58","1.68"
"TotalEnergies","TEN","FR","Pro Tour","Alan  Jousseaume","FR","1998-08-03",,,"1.77"
"Equipo Kern Pharma","EKP","ES","Pro Tour","Raúl  García Pierna","ES","2001-02-23","Tres Cantos","67","1.75"
"Intermarché - Wanty - Gobert Matériaux","IWG","BE","World Tour","Louis  Meintjes","ZA","1992-02-21","Pretoria","58","1.73"
"Movistar Team","MOV","ES","World Tour","José Joaquín  Rojas","ES","1985-06-08","Cieza","70","1.77"
"Burgos-BH","BBH","ES","Pro Tour","Ángel  Fuentes","ES","1996-11-05","Burgos","77","1.9"
"Astana Qazaqstan Team","AST","KZ","World Tour","Alexey  Lutsenko","KZ","1992-09-07","Petropavl","74","1.81"
"Bahrain - Victorious","TBV","BH","World Tour","Matej  Mohorič","SI","1994-10-19","Kranj","72","1.86"
"Trek - Segafredo","TFS","US","World Tour","Jon  Aberasturi","ES","1989-03-28","Vitoria-Gasteiz","69","1.73"
"Israel - Premier Tech","IPT","IL","World Tour","Tom Van Asbroeck","BE","1990-04-19","Aalst","72","1.82"
"Caja Rural - Seguros RGA","CJR","ES","Pro Tour","Sergio Roman  Martín","ES","1996-12-13","Galapagar","69","1.82"
"Team BikeExchange - Jayco","BEX","AU","World Tour","Kelland  O'Brien","AU","1998-05-22","Melbourne","79","1.95"
"Cofidis","COF","FR","World Tour","Sebastian  Kolze Changizi","DK","2000-12-29",,,"1.81"
"Groupama - FDJ","GFC","FR","World Tour","Arnaud  Démare","FR","1991-08-26","Beauvais","76","1.81"
"Alpecin-Deceuninck","ADC","BE","Pro Tour","David van der Poel","NL","1992-06-15","Wilrijk","75","1.79"
"Sport Vlaanderen - Baloise","SVB","BE","Pro Tour","Jenno  Berckmoes","BE","2001-02-04","Ghent","61","1.77"
"Equipo Kern Pharma","EKP","ES","Pro Tour","Roger  Adrià","ES","1998-04-18","Barcelona","64","1.79"
"Team BikeExchange - Jayco","BEX","AU","World Tour","Anders  Foldager","DK","2001-07-27","Skive","66","1.81"
"UAE Team Emirates","UAD","AE","World Tour","Pascal  Ackermann","DE","1994-01-17","Kandel","78","1.82"
"Caja Rural - Seguros RGA","CJR","ES","Pro Tour","Jokin  Murguialday","ES","2000-03-19","Salvatierra","57","1.73"
"Team Arkéa Samsic","ARK","FR","Pro Tour","Kévin  Ledanois","FR","1993-07-13","Noisy-le-Sec","67","1.81"
"Cofidis","COF","FR","World Tour","Ion  Izagirre","ES","1989-02-04","Ormaiztegi","60","1.73"
"INEOS Grenadiers","IGD","GB","World Tour","Laurens De Plus","BE","1995-09-04"," Aalst","67","1.9"
"Movistar Team","MOV","ES","World Tour","Mathias  Norsgaard","DK","1997-05-05","Silkeborg","81","2.02"
"INEOS Grenadiers","IGD","GB","World Tour","Richie  Porte","AU","1985-01-30","Launceston","62","1.72"
"Astana Qazaqstan Team","AST","KZ","World Tour","Gleb  Brussenskiy","KZ","2000-04-18","Kokshetau","64","1.78"
"UAE Team Emirates","UAD","AE","World Tour","Oliver  Knight","GB","2001-01-25",,,
"EOLO-Kometa","EOK","IT","Pro Tour","Alessandro  Fancellu","IT","2000-04-24","Como","62","1.72"
"Cofidis","COF","FR","World Tour","Max  Walscheid","DE","1993-06-13","Neuwied","90","1.98"
"Groupama - FDJ","GFC","FR","World Tour","Stefan  Küng","CH","1993-11-16","Wil","83","1.92"
"Caja Rural - Seguros RGA","CJR","ES","Pro Tour","Eduard  Prades","ES","1987-08-09","Alcanar","63","1.78"
"Cofidis","COF","FR","World Tour","Benjamin  Thomas","FR","1995-09-12","Lavaur","68","1.79"
"AG2R Citroën Team","ACT","FR","World Tour","Gijs Van Hoecke","BE","1991-11-12","Gent","78","1.86"
"EF Education-EasyPost","EFE","US","World Tour","Merhawi  Kudus","ER","1994-01-23","Asmara","58","1.73"
"Lotto Soudal","LTS","BE","World Tour","Jasper De Buyst","BE","1993-11-24"," Asse","72","1.79"
"Sport Vlaanderen - Baloise","SVB","BE","Pro Tour","Rune  Herregodts","BE","1998-07-27","Aalst","70","1.81"
"Sport Vlaanderen - Baloise","SVB","BE","Pro Tour","Kenneth Van Rooy","BE","1993-10-08","Turnhout","70","1.79"
"Jumbo-Visma","TJV","NL","World Tour","Nathan Van Hooydonck","BE","1995-10-12","Gooreind","78","1.92"
"Equipo Kern Pharma","EKP","ES","Pro Tour","Daniel Alejandro  Mendez","CO","2000-06-02","Bogotá","57","1.71"
"Team DSM","DSM","NL","World Tour","Joris  Nieuwenhuis","NL","1996-02-11","Doetinchem","71","1.85"
"Equipo Kern Pharma","EKP","ES","Pro Tour","Iván  Cobo","ES","2000-01-02","El Astillero","63","1.86"
"EF Education-EasyPost","EFE","US","World Tour","Rigoberto  Urán","CO","1987-01-26","Urrao","63","1.73"
"BORA - hansgrohe","BOH","DE","World Tour","Cian  Uijtdebroeks","BE","2003-02-28",,"68","1.85"
"Team DSM","DSM","NL","World Tour","Jonas Iversby  Hvideberg","NO","1999-02-09",,,"1.85"
"Team Arkéa Samsic","ARK","FR","Pro Tour","Simon  Guglielmi","FR","1997-07-01","Chambéry","66","1.8"
"Alpecin-Deceuninck","ADC","BE","Pro Tour","Gianni  Vermeersch","BE","1992-11-19","Roeselare","65","1.73"
"Cofidis","COF","FR","World Tour","Simon  Geschke","DE","1986-03-13","Berlin","64","1.71"
"Jumbo-Visma","TJV","NL","World Tour","Tiesj  Benoot","BE","1994-03-11","Ghent","72","1.9"
"Team Arkéa Samsic","ARK","FR","Pro Tour","Nairo  Quintana","CO","1990-02-04","Cómbita","59","1.67"
"Trek - Segafredo","TFS","US","World Tour","Simon  Pellaud","CH","1992-11-06","Martigny","70","1.8"
"Cofidis","COF","FR","World Tour","Pierre-Luc  Périchon","FR","1987-01-04","Bourg-en-Bresse","69","1.82"
"AG2R Citroën Team","ACT","FR","World Tour","Jaakko  Hänninen","FI","1997-04-16","Ruokolahti","60","1.77"
"EF Education-EasyPost","EFE","US","World Tour","Łukasz  Wiśniowski","PL","1991-12-07","Ciechanów","78","1.91"
"Trek - Segafredo","TFS","US","World Tour","Tony  Gallopin","FR","1988-05-24"," Dourdan","69","1.81"
"Bardiani-CSF-Faizanè","BCF","IT","Pro Tour","Giovanni  Visconti","IT","1983-01-13","Turin","63","1.75"
"INEOS Grenadiers","IGD","GB","World Tour","Elia  Viviani","IT","1989-02-07"," Isola della Scala","67","1.78"
"Cofidis","COF","FR","World Tour","Davide  Cimolai","IT","1989-08-13","Pordenone","70","1.81"
"B&B Hotels - KTM","BBK","FR","Pro Tour","Cyril  Lemoine","FR","1983-03-03","Tours","73","1.82"
"Burgos-BH","BBH","ES","Pro Tour","Juan Antonio  López-Cózar","ES","1994-08-20","Loja","70","1.75"
"Team BikeExchange - Jayco","BEX","AU","World Tour","Christopher  Juul-Jensen","DK","1989-07-06","Kilmacanogue","73","1.83"
"Jumbo-Visma","TJV","NL","World Tour","Rohan  Dennis","AU","1990-05-28","Adelaide","72","1.82"
"Team Arkéa Samsic","ARK","FR","Pro Tour","Dayer  Quintana","CO","1992-08-10","Cómbita","58","1.67"
"EOLO-Kometa","EOK","IT","Pro Tour","Alejandro  Ropero","ES","1998-04-17","Granada","61","1.71"
"Jumbo-Visma","TJV","NL","World Tour","Tom  Dumoulin","NL","1990-11-11","Maastricht","69","1.85"
"AG2R Citroën Team","ACT","FR","World Tour","Antoine  Raugel","FR","1999-02-14","Strasbourg","70","1.85"
"Equipo Kern Pharma","EKP","ES","Pro Tour","Carlos  García Pierna","ES","1999-07-23","Tres Cantos","54","1.71"
"EOLO-Kometa","EOK","IT","Pro Tour","Andrea  Pietrobon","IT","1999-03-11","Belluno","72","1.9"
"Alpecin-Deceuninck","ADC","BE","Pro Tour","Tobias  Bayer","AT","1999-11-17","Ried im Innkreis","70","1.87"
"Alpecin-Deceuninck","ADC","BE","Pro Tour","Jakub  Mareczko","IT","1994-04-30","Jarosław","67","1.69"
"Team Arkéa Samsic","ARK","FR","Pro Tour","Toon  Clynhens","BE","2001-02-09","Hever","61","1.86"
"Israel - Premier Tech","IPT","IL","World Tour","Alessandro De Marchi","IT","1986-05-19","San Daniele del Friuli","65","1.81"
"Team DSM","DSM","NL","World Tour","Cees  Bol","NL","1995-07-27","Zaandam","83","1.94"
"Caja Rural - Seguros RGA","CJR","ES","Pro Tour","Andoni  López de Abetxuko","ES","1999-08-03","Salvatierra","74","1.85"
"Cofidis","COF","FR","World Tour","Bryan  Coquard","FR","1992-04-25","Saint-Nazaire","59","1.71"
"Cofidis","COF","FR","World Tour","Alexandre  Delettre","FR","1997-10-25","Gonesse","62","1.7"
"Bingoal Pauwels Sauces WB","BWB","BE","Pro Tour","Kenny  Molly","BE","1996-12-24","Izegem","61","1.71"
"Israel - Premier Tech","IPT","IL","World Tour","Omer  Goldstein","IL","1996-08-13","Misgav","61","1.74"
"BORA - hansgrohe","BOH","DE","World Tour","Marco  Haller","AT","1991-04-01","Sankt Veit an der Glan","72","1.78"
"INEOS Grenadiers","IGD","GB","World Tour","Ben  Turner","GB","1999-05-28","Doncaster","74","1.94"
"Bardiani-CSF-Faizanè","BCF","IT","Pro Tour","Iker  Bonillo","ES","2003-07-09",,,
"Sport Vlaanderen - Baloise","SVB","BE","Pro Tour","Robbe  Ghys","BE","1997-01-11","Hasselt","72","1.82"
"UAE Team Emirates","UAD","AE","World Tour","Brandon  McNulty","US","1998-04-02","Phoenix","69","1.83"
"Team Arkéa Samsic","ARK","FR","Pro Tour","Winner  Anacona","CO","1988-08-11","Tunja","65","1.79"
"Caja Rural - Seguros RGA","CJR","ES","Pro Tour","Aritz  Bagües","ES","1989-08-19","Errenteria","67","1.74"
"Sport Vlaanderen - Baloise","SVB","BE","Pro Tour","Gilles De Wilde","BE","1999-10-12",,"75","1.83"
"EOLO-Kometa","EOK","IT","Pro Tour","Francisco  Muñoz","ES","2001-06-24",,"71","1.81"
"TotalEnergies","TEN","FR","Pro Tour","Geoffrey  Soupe","FR","1988-03-22","Viriat","70","1.77"
"Cofidis","COF","FR","World Tour","Piet  Allegaert","BE","1995-01-20","Moorslede","70","1.81"
"TotalEnergies","TEN","FR","Pro Tour","Juraj  Sagan","SK","1988-12-23","Žilina","65","1.73"
"Team Arkéa Samsic","ARK","FR","Pro Tour","Daniel  McLay","GB","1992-01-03","Wellington","72","1.87"
"Bingoal Pauwels Sauces WB","BWB","BE","Pro Tour","Quentin  Venner","BE","1998-06-15","Waremme","66","1.8"
"Team Arkéa Samsic","ARK","FR","Pro Tour","Christophe  Noppe","BE","1994-11-29","Ypres","73","1.76"
"AG2R Citroën Team","ACT","FR","World Tour","Aurélien  Paret-Peintre","FR","1996-02-27","Annemasse","64","1.85"
"EOLO-Kometa","EOK","IT","Pro Tour","Vincenzo  Albanese","IT","1996-11-12","Oliveto Citra","70","1.75"
"UAE Team Emirates","UAD","AE","World Tour","Felix  Groß","DE","1998-09-04","Feuchtwangen","71","1.84"
"Intermarché - Wanty - Gobert Matériaux","IWG","BE","World Tour","Andrea  Pasqualon","IT","1988-01-02","Bassano del Grappa","68","1.74"
"Bingoal Pauwels Sauces WB","BWB","BE","Pro Tour","Laurenz  Rex","BE","1999-12-15","Marbourg","82","1.93"
"Bingoal Pauwels Sauces WB","BWB","BE","Pro Tour","Milan  Menten","BE","1996-10-31","Bilzen","68","1.74"
"Bardiani-CSF-Faizanè","BCF","IT","Pro Tour","Alessio  Martinelli","IT","2001-04-26",,,"1.7"
"EF Education-EasyPost","EFE","US","World Tour","Esteban  Chaves","CO","1990-01-17","Bogota","55","1.64"
"Team Arkéa Samsic","ARK","FR","Pro Tour","Markus  Pajur","EE","2000-09-23","Kiili","72","1.85"
"Trek - Segafredo","TFS","US","World Tour","Amanuel  Ghebreigzabhier","ER","1994-08-17","Addis Abeba","68","1.87"
"TotalEnergies","TEN","FR","Pro Tour","Mattéo  Vercher","FR","2001-01-26",,,"1.71"
"Movistar Team","MOV","ES","World Tour","Matteo  Jorgenson","US","1999-07-01","Walnut Creek","65","1.91"
"Lotto Soudal","LTS","BE","World Tour","Frederik  Frison","BE","1992-07-28","Geel","84","1.93"
"Jumbo-Visma","TJV","NL","World Tour","Olav  Kooij","NL","2001-10-17","Numansdorp","72","1.84"
"Uno-X Pro Cycling Team","UXT","NO","Pro Tour","Idar  Andersen","NO","1999-04-30",,,"1.82"
"Alpecin-Deceuninck","ADC","BE","Pro Tour","Jonas  Rickaert","BE","1994-02-07","Sint-Eloois-Vijve","88","1.92"
"Caja Rural - Seguros RGA","CJR","ES","Pro Tour","Jonathan  Lastra","ES","1993-06-03","Bilbao","64","1.72"
"Bardiani-CSF-Faizanè","BCF","IT","Pro Tour","Alessandro  Pinarello","IT","2003-07-12",,,
"Team Arkéa Samsic","ARK","FR","Pro Tour","Warren  Barguil","FR","1991-10-28","Hennebont","61","1.83"
"Intermarché - Wanty - Gobert Matériaux","IWG","BE","World Tour","Baptiste  Planckaert","BE","1988-09-28","Kortrijk","65","1.77"
"Team Arkéa Samsic","ARK","FR","Pro Tour","Nicolas  Edet","FR","1987-12-02","La Ferté-Bernard","60","1.76"
"Team DSM","DSM","NL","World Tour","Tim  Naberman","NL","1999-05-11","Genemuiden","70","1.87"
"Uno-X Pro Cycling Team","UXT","NO","Pro Tour","Syver  Wærsted","NO","1996-08-08",,,"1.93"
"Israel - Premier Tech","IPT","IL","World Tour","Ben  Hermans","BE","1986-06-08","Hasselt","72","1.86"
"INEOS Grenadiers","IGD","GB","World Tour","Thomas  Pidcock","GB","1999-07-30","Leeds","58","1.7"
"Equipo Kern Pharma","EKP","ES","Pro Tour","Héctor  Carretero","ES","1995-05-28","Madrigueras","67","1.83"
"B&B Hotels - KTM","BBK","FR","Pro Tour","Raphael  Parisella","CA","2002-10-23","Montreal","78","1.84"
"Movistar Team","MOV","ES","World Tour","Gorka  Izagirre","ES","1987-10-07","Ormaiztegi","66","1.76"
"B&B Hotels - KTM","BBK","FR","Pro Tour","Pierre  Rolland","FR","1986-10-10"," Gien","70","1.84"
"Caja Rural - Seguros RGA","CJR","ES","Pro Tour","Abel  Balderstone","ES","2000-07-07","Ullastrell","61","1.8"
"Uno-X Pro Cycling Team","UXT","NO","Pro Tour","Erik Nordsæter  Resell","NO","1996-09-28",,,"1.92"
"Cofidis","COF","FR","World Tour","Victor  Lafay","FR","1996-01-17","Lyon","65","1.77"
"Equipo Kern Pharma","EKP","ES","Pro Tour","Giovanni  Carboni","IT","1995-08-31","Fano","61","1.8"
"Israel - Premier Tech","IPT","IL","World Tour","Chris  Froome","GB","1985-05-20","Nairobi","68","1.86"
"Burgos-BH","BBH","ES","Pro Tour","José María  Martín","ES","2001-02-04",,,
"Alpecin-Deceuninck","ADC","BE","Pro Tour","Floris De Tier","BE","1992-01-20","Ghent","60","1.72"
"Alpecin-Deceuninck","ADC","BE","Pro Tour","Tim  Merlier","BE","1992-10-30","Wortegem-Petegem","80","1.85"
"Intermarché - Wanty - Gobert Matériaux","IWG","BE","World Tour","Alexander  Kristoff","NO","1987-07-05","Stavanger","78","1.83"
"Israel - Premier Tech","IPT","IL","World Tour","Sebastian  Berwick","AU","1999-12-15","Brisbane","59","1.75"
"Sport Vlaanderen - Baloise","SVB","BE","Pro Tour","Julian  Mertens","BE","1997-10-06","Turnhout","67","1.8"
"Movistar Team","MOV","ES","World Tour","Oier  Lazkano","ES","1999-11-07","Vitoria-Gasteiz","74","1.87"
"Movistar Team","MOV","ES","World Tour","Lluís  Mas","ES","1989-10-15","Ses Salines","69","1.81"
"Uno-X Pro Cycling Team","UXT","NO","Pro Tour","Kristoffer  Halvorsen","NO","1996-04-13","Kristiansand","69","1.79"
"Astana Qazaqstan Team","AST","KZ","World Tour","Stefan de Bod","ZA","1996-11-17","Worcester","66","1.83"
"Burgos-BH","BBH","ES","Pro Tour","André  Domingues","PT","2001-12-14","Leiria","49","1.63"
"Intermarché - Wanty - Gobert Matériaux","IWG","BE","World Tour","Dimitri  Claeys","BE","1987-06-18","Ghent","77","1.91"
"Sport Vlaanderen - Baloise","SVB","BE","Pro Tour","Lindsay De Vylder","BE","1995-05-30","Wetteren","70","1.84"
"Israel - Premier Tech","IPT","IL","World Tour","Simon  Clarke","AU","1986-07-18"," Melbourne","63","1.75"
"TotalEnergies","TEN","FR","Pro Tour","Alexis  Vuillermoz","FR","1988-06-01","Saint-Claude","60","1.73"
"UAE Team Emirates","UAD","AE","World Tour","Juan Sebastián  Molano","CO","1994-11-04","Paipa","72","1.82"
"Team Arkéa Samsic","ARK","FR","Pro Tour","Ewen  Costiou","FR","2002-11-10","Brest","64","1.76"
"Bingoal Pauwels Sauces WB","BWB","BE","Pro Tour","Mathijs  Paasschens","NL","1996-03-18","Rotterdam","75","1.88"
"Lotto Soudal","LTS","BE","World Tour","Michael  Schwarzmann","DE","1991-01-07","Kempten","69","1.74"
"Trek - Segafredo","TFS","US","World Tour","Jasper  Stuyven","BE","1992-04-17"," Leuven","78","1.87"
"Alpecin-Deceuninck","ADC","BE","Pro Tour","Maurice  Ballerstedt","DE","2001-01-16","Berlin","76","1.8"
"Alpecin-Deceuninck","ADC","BE","Pro Tour","Alexander  Krieger","DE","1991-11-28","Stuttgart","71","1.81"
"Groupama - FDJ","GFC","FR","World Tour","Bruno  Armirail","FR","1994-04-11","Bagnères-de-Bigorre","74","1.9"
"Uno-X Pro Cycling Team","UXT","NO","Pro Tour","Torstein  Træen","NO","1995-07-16",,,"1.81"
"Uno-X Pro Cycling Team","UXT","NO","Pro Tour","Iver  Skaarseth","NO","1998-03-15",,,
"Burgos-BH","BBH","ES","Pro Tour","Mihkel  Räim","EE","1993-07-03","Kuressaare","69","1.76"
"Alpecin-Deceuninck","ADC","BE","Pro Tour","Edward  Anderson","US","1998-04-18","Richmond","70","1.88"
"AG2R Citroën Team","ACT","FR","World Tour","Ben  O'Connor","AU","1995-11-25","Subiaco","67","1.88"
"Astana Qazaqstan Team","AST","KZ","World Tour","Yuriy  Natarov","KZ","1996-12-28","Talgar","68","1.86"
"Cofidis","COF","FR","World Tour","Sander  Armée","BE","1985-12-10","Leuven","72","1.9"
"Bahrain - Victorious","TBV","BH","World Tour","Luis León  Sánchez","ES","1983-11-24","Mula","73","1.84"
"Intermarché - Wanty - Gobert Matériaux","IWG","BE","World Tour","Rein  Taaramäe","EE","1987-04-24","Tartu","68","1.85"
"EF Education-EasyPost","EFE","US","World Tour","Julius van den Berg","NL","1996-10-23","Purmerend","78","1.9"
"Quick-Step Alpha Vinyl Team","QST","BE","World Tour","Rémi  Cavagna","FR","1995-08-10","Clermont-Ferrand","78","1.86"
"B&B Hotels - KTM","BBK","FR","Pro Tour","Maxime  Chevalier","FR","1999-05-16","Saint-Nazaire","60","1.78"
"EF Education-EasyPost","EFE","US","World Tour","Marijn van den Berg","NL","1999-07-19","De Meern","73","1.82"
"Bingoal Pauwels Sauces WB","BWB","BE","Pro Tour","Karl Patrick  Lauk","EE","1997-01-09","Kuressaare","69","1.73"
"INEOS Grenadiers","IGD","GB","World Tour","Omar  Fraile","ES","1990-07-17","Santurtzi","72","1.84"
"EOLO-Kometa","EOK","IT","Pro Tour","Alessandro  Fedeli","IT","1996-03-02","Negrar","65","1.76"
"UAE Team Emirates","UAD","AE","World Tour","João  Almeida","PT","1998-08-05","Caldas da Rainha","63","1.78"
"INEOS Grenadiers","IGD","GB","World Tour","Richard  Carapaz","EC","1993-05-29","El Carmelo","62","1.7"
"Equipo Kern Pharma","EKP","ES","Pro Tour","Pau  Miquel","ES","2000-08-20","Sant Quirze del Vallès","60","1.8"
"Quick-Step Alpha Vinyl Team","QST","BE","World Tour","Mark  Cavendish","GB","1985-05-21","Douglas","70","1.75"
"Bardiani-CSF-Faizanè","BCF","IT","Pro Tour","Enrico  Battaglin","IT","1989-11-17","Marostica","64","1.75"
"Team DSM","DSM","NL","World Tour","Kevin  Vermaerke","US","2000-10-16","Rancho Santa Margarita","67","1.81"
"Intermarché - Wanty - Gobert Matériaux","IWG","BE","World Tour","Madis  Mihkels","EE","2003-05-31","Tartu","75","1.84"
"Trek - Segafredo","TFS","US","World Tour","Julien  Bernard","FR","1992-03-17","Nevers","60","1.76"
"Bardiani-CSF-Faizanè","BCF","IT","Pro Tour","Enrico  Zanoncello","IT","1997-08-02","Isola della Scala","64","1.7"
"Israel - Premier Tech","IPT","IL","World Tour","Rudy  Barbier","FR","1992-12-18","Beauvais ","78","1.79"
"Bahrain - Victorious","TBV","BH","World Tour","Wout  Poels","NL","1987-10-01","Venray","66","1.86"
"EF Education-EasyPost","EFE","US","World Tour","Alex  Howes","US","1988-01-01","Denver","61","1.8"
"B&B Hotels - KTM","BBK","FR","Pro Tour","Jérémy  Lecroq","FR","1995-04-07","Paris","70","1.89"
"Equipo Kern Pharma","EKP","ES","Pro Tour","Jordi  López","ES","1998-08-14","Badalona","59","1.7"
"BORA - hansgrohe","BOH","DE","World Tour","Ide  Schelling","NL","1998-02-06","The Hague","66","1.82"
"Bahrain - Victorious","TBV","BH","World Tour","Fred  Wright","GB","1999-06-13","London","75","1.84"
"Euskaltel - Euskadi","EUS","ES","Pro Tour","Juan José  Lobato","ES","1988-12-29","Trebujena","64","1.73"
"Lotto Soudal","LTS","BE","World Tour","Thomas De Gendt","BE","1986-11-06"," Sint-Niklaas","73","1.79"
"Jumbo-Visma","TJV","NL","World Tour","Primož  Roglič","SI","1989-10-29","Trbovlje","65","1.77"
"Caja Rural - Seguros RGA","CJR","ES","Pro Tour","Calum  Johnston","GB","1998-11-01","Glasgow","55","1.73"
"Intermarché - Wanty - Gobert Matériaux","IWG","BE","World Tour","Gerben  Thijssen","BE","1998-06-21","Genk","74","1.74"
"BORA - hansgrohe","BOH","DE","World Tour","Matteo  Fabbro","IT","1995-04-10","Udine","52","1.67"
"Team BikeExchange - Jayco","BEX","AU","World Tour","Jack  Bauer","NZ","1985-04-07","Takaka","74","1.91"
"Jumbo-Visma","TJV","NL","World Tour","Milan  Vader","NL","1996-02-18","Middelburg","63","1.73"
"Team DSM","DSM","NL","World Tour","Henri  Vandenabeele","BE","2000-04-15",,,"1.81"
"Equipo Kern Pharma","EKP","ES","Pro Tour","Diego  López","ES","1997-12-09","Oteiza","70","1.9"
"Bingoal Pauwels Sauces WB","BWB","BE","Pro Tour","Ludovic  Robeet","BE","1994-05-22","Nivelles","75","1.94"
"Uno-X Pro Cycling Team","UXT","NO","Pro Tour","Fredrik  Dversnes","NO","1997-03-20",,,
"B&B Hotels - KTM","BBK","FR","Pro Tour","Alan  Boileau","FR","1999-06-25","Morlaix","57","1.71"
"TotalEnergies","TEN","FR","Pro Tour","Alexandre  Geniez","FR","1988-04-16","Rodez","68","1.84"
"BORA - hansgrohe","BOH","DE","World Tour","Ryan  Mullen","IE","1994-08-07","Birkenhead","77","1.89"
"Bardiani-CSF-Faizanè","BCF","IT","Pro Tour","Martin  Marcellusi","IT","2000-04-05","Roma","62","1.72"
"Quick-Step Alpha Vinyl Team","QST","BE","World Tour","Pieter  Serry","BE","1988-11-21","Aalter","66","1.86"
"Quick-Step Alpha Vinyl Team","QST","BE","World Tour","Louis  Vervaeke","BE","1993-10-06"," Ronse","68","1.8"
"Astana Qazaqstan Team","AST","KZ","World Tour","Nurbergen  Nurlykhassym","KZ","2000-03-25","Astana","65","1.81"
"Team BikeExchange - Jayco","BEX","AU","World Tour","Lucas  Hamilton","AU","1996-02-12"," Ararat","71","1.84"
"UAE Team Emirates","UAD","AE","World Tour","Marc  Soler","ES","1993-11-22","Vilanova i la Geltrú","68","1.84"
"Team Arkéa Samsic","ARK","FR","Pro Tour","Thibault  Guernalec","FR","1997-07-31","Châteaulin","71","1.85"
"Astana Qazaqstan Team","AST","KZ","World Tour","Christian  Scaroni","IT","1997-10-16","Brescia","63","1.75"
"B&B Hotels - KTM","BBK","FR","Pro Tour","Eliot  Lietaer","BE","1990-08-15","Kortrijk","70","1.88"
"Team DSM","DSM","NL","World Tour","Nils  Eekhoff","NL","1998-01-23","Rijsenhout","75","1.92"
"Groupama - FDJ","GFC","FR","World Tour","Fabian  Lienhard","CH","1993-09-03","Steinmaur","73","1.83"
"EF Education-EasyPost","EFE","US","World Tour","Jonathan Klever  Caicedo","EC","1993-04-28","Santa Martha de Cuba","62","1.64"
"Team Arkéa Samsic","ARK","FR","Pro Tour","Hugo  Hofstetter","FR","1994-02-13","Altkirch","65","1.7"
"Cofidis","COF","FR","World Tour","Szymon  Sajnok","PL","1997-08-24","Kartuzy","75","1.83"
"Bahrain - Victorious","TBV","BH","World Tour","Jack  Haig","AU","1993-09-06","Southport","67","1.9"
"Drone Hopper -  Androni Giocattoli","DRA","IT","Pro Tour","Gabriele  Benedetti","IT","2000-06-09","Montevarchi","63","1.69"
"Lotto Soudal","LTS","BE","World Tour","Sébastien  Grignard","BE","1999-04-29","Mons","68","1.79"
"Intermarché - Wanty - Gobert Matériaux","IWG","BE","World Tour","Hugo  Page","FR","2001-07-24","Chartres","71","1.85"
"AG2R Citroën Team","ACT","FR","World Tour","Thomas  Delphis","FR","1999-06-01","Annecy","70","1.85"
"Caja Rural - Seguros RGA","CJR","ES","Pro Tour","Yesid Albeiro  Pira","CO","1999-06-28","Siachoque","59","1.72"
"Alpecin-Deceuninck","ADC","BE","Pro Tour","Jay  Vine","AU","1995-11-16","Townsville","69","1.81"
"EOLO-Kometa","EOK","IT","Pro Tour","Diego  Rosa","IT","1989-03-27","Corneliano d'Alba","65","1.78"
"Intermarché - Wanty - Gobert Matériaux","IWG","BE","World Tour","Corné van Kessel","NL","1991-08-07","Veldhoven","68","1.77"
"UAE Team Emirates","UAD","AE","World Tour","Maximiliano  Richeze","AR","1983-03-07","Bella Vista","68","1.77"
"Israel - Premier Tech","IPT","IL","World Tour","Alex  Dowsett","GB","1988-10-03","Maldon","75","1.82"
"Cofidis","COF","FR","World Tour","Florentin  Lecamus-Lambert","FR","1999-05-13","Rennes","79","1.88"
"Lotto Soudal","LTS","BE","World Tour","Florian  Vermeersch","BE","1999-03-12","Ghent","85","1.93"
"Lotto Soudal","LTS","BE","World Tour","Jarrad  Drizners","AU","1999-05-31","Adelaide","70","1.86"
"Movistar Team","MOV","ES","World Tour","Max  Kanter","DE","1997-10-22","Cottbus","68","1.76"
"EF Education-EasyPost","EFE","US","World Tour","Simon  Carr","GB","1998-08-29","Hereford","63","1.83"
"UAE Team Emirates","UAD","AE","World Tour","Kasper  Andersen","DK","2002-07-01",,,
"Alpecin-Deceuninck","ADC","BE","Pro Tour","Scott  Thwaites","GB","1990-02-12","Steeton","71","1.78"
"UAE Team Emirates","UAD","AE","World Tour","George  Bennett","NZ","1990-04-07","Nelson","58","1.8"
"EOLO-Kometa","EOK","IT","Pro Tour","Simone  Bevilacqua","IT","1997-02-22","Thiene","75","1.81"
"Uno-X Pro Cycling Team","UXT","NO","Pro Tour","Jacob  Hindsgaul","DK","2000-07-14","Middelfart","67","1.9"
"Groupama - FDJ","GFC","FR","World Tour","Matteo  Badilatti","CH","1992-07-30","Poschiavo","62","1.78"
"Intermarché - Wanty - Gobert Matériaux","IWG","BE","World Tour","Adrien  Petit","FR","1990-09-26","Arras","80","1.88"
"Lotto Soudal","LTS","BE","World Tour","Matthew  Holmes","GB","1993-12-08","Wigan","67","1.78"
"Burgos-BH","BBH","ES","Pro Tour","Diego  Rubio","ES","1991-06-13","Navaluenga","81","1.91"
"Sport Vlaanderen - Baloise","SVB","BE","Pro Tour","Alex  Colman","BE","1998-07-22","Moerzeke","73","1.84"
"INEOS Grenadiers","IGD","GB","World Tour","Pavel  Sivakov","FR","1997-07-11","San Donà di Piave","70","1.88"
"Cofidis","COF","FR","World Tour","Eddy  Finé","FR","1997-11-20","Herbeys","70","1.8"
"Team BikeExchange - Jayco","BEX","AU","World Tour","Campbell  Stewart","NZ","1998-05-12","Palmerston North","76","1.8"
"Quick-Step Alpha Vinyl Team","QST","BE","World Tour","Mattia  Cattaneo","IT","1990-10-25","Alzano Lombardo","67","1.84"
"Bardiani-CSF-Faizanè","BCF","IT","Pro Tour","Filippo  Zana","IT","1999-03-18","Thiene","65","1.85"
"Team BikeExchange - Jayco","BEX","AU","World Tour","Michael  Hepburn","AU","1991-08-17","Brisbane","77","1.86"
"Jumbo-Visma","TJV","NL","World Tour","Chris  Harper","AU","1994-11-23","Melbourne","67","1.85"
"Sport Vlaanderen - Baloise","SVB","BE","Pro Tour","Ruben  Apers","BE","1998-08-25","Vrasene","70","1.79"
"Groupama - FDJ","GFC","FR","World Tour","Rudy  Molard","FR","1989-09-17"," Gleizé","62","1.78"
"Groupama - FDJ","GFC","FR","World Tour","Quentin  Pacher","FR","1992-01-06","Libourne","62","1.79"
"Euskaltel - Euskadi","EUS","ES","Pro Tour","Ailetz  Lasa","ES","2000-03-15",,,
"Equipo Kern Pharma","EKP","ES","Pro Tour","Francisco  Galván","ES","1997-12-01","Lliçà d'Amunt","71","1.76"
"Uno-X Pro Cycling Team","UXT","NO","Pro Tour","Niklas  Larsen","DK","1997-03-22","Slagelse","74","1.83"
"Groupama - FDJ","GFC","FR","World Tour","Ramon  Sinkeldam","NL","1989-02-09","Zaandam","77","1.93"
"Trek - Segafredo","TFS","US","World Tour","Daan  Hoole","NL","1999-02-22","Zuidland","82","1.98"
"Bardiani-CSF-Faizanè","BCF","IT","Pro Tour","Samuele  Zoccarato","IT","1998-01-09","Camposampiero","74","1.83"
"TotalEnergies","TEN","FR","Pro Tour","Antoine  Devanne","FR","2000-09-16",,,
"B&B Hotels - KTM","BBK","FR","Pro Tour","Florian  Dauphin","FR","1999-04-06",,"70","1.81"
"Team DSM","DSM","NL","World Tour","John  Degenkolb","DE","1989-01-07","Gera","82","1.8"
"Team DSM","DSM","NL","World Tour","Florian  Stork","DE","1997-04-27","Bünde","65","1.85"
"Drone Hopper -  Androni Giocattoli","DRA","IT","Pro Tour","Jhonatan  Restrepo","CO","1994-11-28","Pácora","73","1.78"
"Intermarché - Wanty - Gobert Matériaux","IWG","BE","World Tour","Boy van Poppel","NL","1988-01-18","Utrecht","78","1.86"
"Bahrain - Victorious","TBV","BH","World Tour","Jasha  Sütterlin","DE","1992-11-04"," Freiburg im Breisgau","78","1.84"
"Intermarché - Wanty - Gobert Matériaux","IWG","BE","World Tour","Théo  Delacroix","FR","1999-02-21","Lons-le-Saunier","70","1.86"
"Cofidis","COF","FR","World Tour","Wesley  Kreder","NL","1990-11-04","Leiden","71","1.82"
"EOLO-Kometa","EOK","IT","Pro Tour","Erik  Fetter","HU","2000-04-05","Budapest","70","1.88"
"Groupama - FDJ","GFC","FR","World Tour","Jake  Stewart","GB","1999-10-02","Coventry","66","1.79"
"Intermarché - Wanty - Gobert Matériaux","IWG","BE","World Tour","Lorenzo  Rota","IT","1995-05-23","Bergamo","62","1.73"
"BORA - hansgrohe","BOH","DE","World Tour","Jonas  Koch","DE","1993-06-25","Schwäbisch Hall","75","1.87"
"Uno-X Pro Cycling Team","UXT","NO","Pro Tour","Anders Halland  Johannessen","NO","1999-08-23",,,"1.76"
"Groupama - FDJ","GFC","FR","World Tour","Paul  Penhoët","FR","2001-12-28","Clamart","64","1.73"
"Uno-X Pro Cycling Team","UXT","NO","Pro Tour","William  Blume Levy","DK","2001-01-14",,,"1.92"
"Jumbo-Visma","TJV","NL","World Tour","Koen  Bouwman","NL","1993-12-02","Ulft","60","1.78"
"Team DSM","DSM","NL","World Tour","Pavel  Bittner","CZ","2002-10-29","Olomouc","73","1.84"
"Equipo Kern Pharma","EKP","ES","Pro Tour","Sergio  Araiz","ES","1998-04-29","Ayegui","61","1.74"
"Trek - Segafredo","TFS","US","World Tour","Bauke  Mollema","NL","1986-11-26","Groningen","64","1.84"
"Euskaltel - Euskadi","EUS","ES","Pro Tour","Iker  Ballarin","ES","1997-05-04",,,
"Quick-Step Alpha Vinyl Team","QST","BE","World Tour","Mauro  Schmid","CH","1999-12-04","Bülach","70","1.87"
"Lotto Soudal","LTS","BE","World Tour","Roger  Kluge","DE","1986-02-05","Eisenhüttenstadt","83","1.92"
"Alpecin-Deceuninck","ADC","BE","Pro Tour","Guillaume Van Keirsbulck","BE","1991-02-14","Roeselare","89","1.92"
"Team Arkéa Samsic","ARK","FR","Pro Tour","Maxime  Bouet","FR","1986-11-03","Belley","67","1.83"
"Team Arkéa Samsic","ARK","FR","Pro Tour","Laurent  Pichon","FR","1986-07-19","Quimper","69","1.78"
"Intermarché - Wanty - Gobert Matériaux","IWG","BE","World Tour","Aimé De Gendt","BE","1994-06-17","Denderhoutem","75","1.82"
"Euskaltel - Euskadi","EUS","ES","Pro Tour","Peio  Goikoetxea","ES","1992-02-14",,,
"Trek - Segafredo","TFS","US","World Tour","Marc  Brustenga","ES","1999-09-04","Santa Eulàlia de Ronçana","78","1.9"
"Drone Hopper -  Androni Giocattoli","DRA","IT","Pro Tour","Natnael  Tesfatsion","ER","1999-05-23","Asmara","60","1.75"
"Team BikeExchange - Jayco","BEX","AU","World Tour","Cameron  Meyer","AU","1988-01-11","Viveash","70","1.81"
"AG2R Citroën Team","ACT","FR","World Tour","Clément  Champoussin","FR","1998-05-29","Nice","61","1.8"
"Israel - Premier Tech","IPT","IL","World Tour","Matthew  Riccitello","US","2002-03-05","Tucson","55","1.72"
"INEOS Grenadiers","IGD","GB","World Tour","Leo  Hayter","GB","2001-08-10","London","66","1.78"
"TotalEnergies","TEN","FR","Pro Tour","Julien  Simon","FR","1985-10-04","Rennes","65","1.76"
"Burgos-BH","BBH","ES","Pro Tour","Mario  Aparicio","ES","2000-04-23","Aranda de Duero","69","1.85"
"Burgos-BH","BBH","ES","Pro Tour","Daniel  Navarro","ES","1983-07-18","Salamanca","60","1.74"
"Groupama - FDJ","GFC","FR","World Tour","Sébastien  Reichenbach","CH","1989-05-28","Martigny","64","1.78"
"Cofidis","COF","FR","World Tour","Anthony  Perez","FR","1991-04-22","Toulouse","70","1.9"
"Trek - Segafredo","TFS","US","World Tour","Thibau  Nys","BE","2002-11-12","Bonheiden","64","1.76"
"Team DSM","DSM","NL","World Tour","Leon  Heinschke","DE","1999-11-08","Frankfurt an der Oder","70","1.8"
"Intermarché - Wanty - Gobert Matériaux","IWG","BE","World Tour","Biniam  Girmay","ER","2000-04-02","Asmara","70","1.84"
"AG2R Citroën Team","ACT","FR","World Tour","Marc  Sarreau","FR","1993-06-10","Vierzon","76","1.82"
"Bahrain - Victorious","TBV","BH","World Tour","Sonny  Colbrelli","IT","1990-05-17"," Desenzano del Garda","74","1.76"
"EF Education-EasyPost","EFE","US","World Tour","Owain  Doull","GB","1993-05-02","Cardiff","71","1.81"
"B&B Hotels - KTM","BBK","FR","Pro Tour","Miguel  Heidemann","DE","1998-01-27",,,"1.87"
"UAE Team Emirates","UAD","AE","World Tour","Arthur  Kluckers","LU","2000-03-15","Luxembourg","71","1.92"
"Quick-Step Alpha Vinyl Team","QST","BE","World Tour","Kasper  Asgreen","DK","1995-02-08","Kolding","75","1.91"
"Alpecin-Deceuninck","ADC","BE","Pro Tour","Fabio Van den Bossche","BE","2000-09-21","Ghent","63","1.76"
"Team DSM","DSM","NL","World Tour","Andreas  Leknessund","NO","1999-05-21","Tromsø","72","1.86"
"Israel - Premier Tech","IPT","IL","World Tour","Dylan  Teuns","BE","1992-03-01","Diest","64","1.81"
"Bardiani-CSF-Faizanè","BCF","IT","Pro Tour","Alex  Tolio","IT","2000-03-30",,,
"Team BikeExchange - Jayco","BEX","AU","World Tour","Tanel  Kangert","EE","1987-03-11","Vändra","65","1.78"
"Lotto Soudal","LTS","BE","World Tour","Carlos  Barbero","ES","1991-04-29","Burgos","66","1.78"
"Jumbo-Visma","TJV","NL","World Tour","Tobias  Foss","NO","1997-05-25","Vingrom","74","1.84"
"Equipo Kern Pharma","EKP","ES","Pro Tour","Pablo  Castrillo","ES","2001-01-02","Jaca","63","1.83"
"Bardiani-CSF-Faizanè","BCF","IT","Pro Tour","Henok  Mulubrhan","ER","1999-11-11","Asmara","60","1.76"
"UAE Team Emirates","UAD","AE","World Tour","Jan  Polanc","SI","1992-05-06","Kranj","62","1.72"
"Jumbo-Visma","TJV","NL","World Tour","Lennard  Hofstede","NL","1994-12-29","Poeldijk","73","1.88"
"Equipo Kern Pharma","EKP","ES","Pro Tour","Jaime  Castrillo","ES","1996-03-13","Jaca","65","1.86"
"Sport Vlaanderen - Baloise","SVB","BE","Pro Tour","Jules  Hesters","BE","1998-11-11","Ghent","72","1.8"
"Team DSM","DSM","NL","World Tour","Nico  Denz","DE","1994-02-15","Waldshut-Tiengen","71","1.83"
"Equipo Kern Pharma","EKP","ES","Pro Tour","Ibon  Ruiz","ES","1999-01-30","Vitoria","63","1.78"
"Lotto Soudal","LTS","BE","World Tour","Kamil  Małecki","PL","1996-01-02","Bytów","69","1.74"
"Euskaltel - Euskadi","EUS","ES","Pro Tour","Unai  Iribar","ES","1999-06-12",,,
"Trek - Segafredo","TFS","US","World Tour","Antwan  Tolhoek","NL","1994-04-29","Yerseke","61","1.78"
"Burgos-BH","BBH","ES","Pro Tour","Óscar  Pelegrí","ES","1994-05-30","Castellón de la Plana","63","1.75"
"BORA - hansgrohe","BOH","DE","World Tour","Luis-Joe  Lührs","DE","2003-01-20","München","66","1.79"
"Movistar Team","MOV","ES","World Tour","Enric  Mas","ES","1995-01-07","Artà","61","1.77"
"EF Education-EasyPost","EFE","US","World Tour","Georg  Steinhauser","DE","2001-10-21",,"65","1.89"
"Team DSM","DSM","NL","World Tour","Marius  Mayrhofer","DE","2000-09-18","Tübingen","70","1.82"
"Uno-X Pro Cycling Team","UXT","NO","Pro Tour","Jonas  Abrahamsen","NO","1995-09-20","Skien","78","1.83"
"Israel - Premier Tech","IPT","IL","World Tour","Patrick  Bevin","NZ","1991-02-15","Taupo","75","1.8"
"Team Arkéa Samsic","ARK","FR","Pro Tour","Miguel Eduardo  Flórez","CO","1996-02-21","Bogotá","57","1.74"
"Caja Rural - Seguros RGA","CJR","ES","Pro Tour","David  González","ES","1996-02-21","Fontiveros","68","1.8"
"Euskaltel - Euskadi","EUS","ES","Pro Tour","Asier  Etxeberria","ES","1998-07-19",,,
"Burgos-BH","BBH","ES","Pro Tour","Gabriel  Muller","FR","1985-12-04","Bondy","70","1.88"
"Caja Rural - Seguros RGA","CJR","ES","Pro Tour","Juan Fernando  Calle","CO","1999-07-18","Salgar","59","1.77"
"TotalEnergies","TEN","FR","Pro Tour","Sandy  Dujardin","FR","1997-05-29",,,"1.78"
"TotalEnergies","TEN","FR","Pro Tour","Lorrenzo  Manzin","FR","1994-07-26","Saint-Denis","69","1.75"
"Bardiani-CSF-Faizanè","BCF","IT","Pro Tour","Fabio  Mazzucco","IT","1999-04-14","Conselve","69","1.83"
"Intermarché - Wanty - Gobert Matériaux","IWG","BE","World Tour","Loïc  Vliegen","BE","1993-12-20"," Rocourt","70","1.84"
"EOLO-Kometa","EOK","IT","Pro Tour","Daniel  Viegas","PT","1998-01-05","Faro","70","1.86"
"Sport Vlaanderen - Baloise","SVB","BE","Pro Tour","Aaron Van Poucke","BE","1998-04-04","Bruges","68","1.77"
"BORA - hansgrohe","BOH","DE","World Tour","Ben  Zwiehoff","DE","1994-02-22","Essen","61","1.82"
"Drone Hopper -  Androni Giocattoli","DRA","IT","Pro Tour","Leonardo  Marchiori","IT","1998-06-13","Mirano","70","1.7"
"Israel - Premier Tech","IPT","IL","World Tour","Reto  Hollenstein","CH","1985-08-22","Frauenfeld","80","1.97"
"Equipo Kern Pharma","EKP","ES","Pro Tour","Igor  Arrieta","ES","2002-12-08","Uharte Arakil","64","1.82"
"EOLO-Kometa","EOK","IT","Pro Tour","Mirco  Maestri","IT","1991-10-26","Guastalla","73","1.85"
"Israel - Premier Tech","IPT","IL","World Tour","Krists  Neilands","LV","1994-08-18","Ventspils","69","1.89"
"UAE Team Emirates","UAD","AE","World Tour","Rui  Oliveira","PT","1996-09-05","Vila Nova de Gaia","69","1.83"
"Drone Hopper -  Androni Giocattoli","DRA","IT","Pro Tour","Eduard-Michael  Grosu","RO","1992-09-04","Zărnești","68","1.73"
"EOLO-Kometa","EOK","IT","Pro Tour","Alex  Martín","ES","2000-01-25","Premiá de Mar","60","1.74"
"Team DSM","DSM","NL","World Tour","Romain  Combaud","FR","1991-04-01","Saint-Doulchard","63","1.75"
"INEOS Grenadiers","IGD","GB","World Tour","Ethan  Hayter","GB","1998-09-18","London","69","1.8"
"Bahrain - Victorious","TBV","BH","World Tour","Damiano  Caruso","IT","1987-10-12","Ragusa","67","1.79"
"Lotto Soudal","LTS","BE","World Tour","Arnaud De Lie","BE","2002-03-16","Libramont","78","1.82"
"Bardiani-CSF-Faizanè","BCF","IT","Pro Tour","Luca  Rastelli","IT","1999-12-29",,,"1.75"
"UAE Team Emirates","UAD","AE","World Tour","Oliviero  Troia","IT","1994-09-01"," Bordighera ","80","1.91"
"EOLO-Kometa","EOK","IT","Pro Tour","Andrea  Montoli","IT","2002-04-09",,"66","1.74"
"B&B Hotels - KTM","BBK","FR","Pro Tour","Adrien  Lagrée","FR","1997-04-25","Saint-Hilaire-du-Harcouët","66","1.76"
"Equipo Kern Pharma","EKP","ES","Pro Tour","Eugenio  Sánchez","ES","1999-03-10","Calpe","60","1.79"
"TotalEnergies","TEN","FR","Pro Tour","Mathieu  Burgaudeau","FR","1998-11-17","Noirmoutier-en-l'Île","61","1.68"
"Bahrain - Victorious","TBV","BH","World Tour","Phil  Bauhaus","DE","1994-07-08","Bocholt","71","1.84"
"Sport Vlaanderen - Baloise","SVB","BE","Pro Tour","Arne  Marit","BE","1999-01-21","Galmaarden","72","1.84"
"BORA - hansgrohe","BOH","DE","World Tour","Florian  Lipowitz","DE","2000-09-21",,"68","1.81"
"Trek - Segafredo","TFS","US","World Tour","Matteo  Moschetti","IT","1996-08-14","Milan","73","1.8"
"Bahrain - Victorious","TBV","BH","World Tour","Edoardo  Zambanini","IT","2001-04-21","Riva del Garda","62","1.81"
"INEOS Grenadiers","IGD","GB","World Tour","Ben  Swift","GB","1987-11-05","Rotherham","69","1.8"
"UAE Team Emirates","UAD","AE","World Tour","Davide  Formolo","IT","1992-10-25","Negrar","62","1.82"
"AG2R Citroën Team","ACT","FR","World Tour","Bob  Jungels","LU","1992-09-22","Rollingen","70","1.89"
"Israel - Premier Tech","IPT","IL","World Tour","Daryl  Impey","ZA","1984-12-06","Johannesburg","72","1.81"
"Drone Hopper -  Androni Giocattoli","DRA","IT","Pro Tour","Jefferson Alexander  Cepeda","EC","1998-06-16","El Playón de San Francisco","56","1.64"
"B&B Hotels - KTM","BBK","FR","Pro Tour","Franck  Bonnamour","FR","1995-06-20","Lannion","70","1.8"
"EF Education-EasyPost","EFE","US","World Tour","Hideto  Nakane","JP","1990-05-02","Nagoya","55","1.7"
"Burgos-BH","BBH","ES","Pro Tour","Ander  Okamika","ES","1993-04-02","Lekeitio","70","1.9"
"Lotto Soudal","LTS","BE","World Tour","Andreas  Kron","DK","1998-06-01","Albertslund","63","1.77"
"Burgos-BH","BBH","ES","Pro Tour","Victor  Langellotti","MC","1995-06-07","Monaco","64","1.77"
"B&B Hotels - KTM","BBK","FR","Pro Tour","Jonathan  Hivert","FR","1985-03-23","Chambray-lès-Tours","62","1.7"
"Trek - Segafredo","TFS","US","World Tour","Alexander  Kamp","DK","1993-12-14","Copenhagen","74","1.86"
"Jumbo-Visma","TJV","NL","World Tour","Sepp  Kuss","US","1994-09-13","Durango","61","1.82"
"Sport Vlaanderen - Baloise","SVB","BE","Pro Tour","Sasha  Weemaes","BE","1998-02-09","Sint-Niklaas","73","1.77"
"Groupama - FDJ","GFC","FR","World Tour","Olivier Le Gac","FR","1993-08-27","Brest","70","1.8"
"AG2R Citroën Team","ACT","FR","World Tour","Nicolas  Prodhomme","FR","1997-02-01","L'Aigle","62","1.74"
"Bahrain - Victorious","TBV","BH","World Tour","Pello  Bilbao","ES","1990-02-25","Guernica","60","1.74"
"Euskaltel - Euskadi","EUS","ES","Pro Tour","Luis Ángel  Maté","ES","1984-03-23","Madrid","68","1.78"
"Team Arkéa Samsic","ARK","FR","Pro Tour","Pierre  Thierry","FR","2003-05-31",,,
"Jumbo-Visma","TJV","NL","World Tour","Jonas  Vingegaard","DK","1996-12-10","Hillerslev","60","1.75"
"Uno-X Pro Cycling Team","UXT","NO","Pro Tour","Tord  Gudmestad","NO","2001-05-08",,,"1.87"
"Lotto Soudal","LTS","BE","World Tour","Xandres  Vervloesem","BE","2000-05-13","Massenhoven","65","1.85"
"Intermarché - Wanty - Gobert Matériaux","IWG","BE","World Tour","Quinten  Hermans","BE","1995-07-29","Antwerp","62","1.74"
"Movistar Team","MOV","ES","World Tour","Abner  González","PR","2000-10-09","Moca","60","1.74"
"Alpecin-Deceuninck","ADC","BE","Pro Tour","Sjoerd  Bax","NL","1996-01-06","Gorinchem","78","1.91"
"Bahrain - Victorious","TBV","BH","World Tour","Domen  Novak","SI","1995-07-12","Dolenja vas","70","1.81"
"Uno-X Pro Cycling Team","UXT","NO","Pro Tour","Jonas  Gregaard","DK","1996-07-30","Herlev","66","1.84"
"TotalEnergies","TEN","FR","Pro Tour","Niccolò  Bonifazio","IT","1993-10-29","Coni","72","1.76"
"Cofidis","COF","FR","World Tour","Guillaume  Martin","FR","1993-06-09","Paris","55","1.73"
"UAE Team Emirates","UAD","AE","World Tour","Ivo  Oliveira","PT","1996-09-05","Vila Nova de Gaia","68","1.84"
"Team Arkéa Samsic","ARK","FR","Pro Tour","Connor  Swift","GB","1995-10-30","Thorne","75","1.9"
"Lotto Soudal","LTS","BE","World Tour","Cedric  Beullens","BE","1997-01-27","Onze-Lieve-Vrouw-Waver","79","1.9"
"Bingoal Pauwels Sauces WB","BWB","BE","Pro Tour","Bas  Tietema","NL","1995-01-29","Zwolle","74","1.85"
"Movistar Team","MOV","ES","World Tour","Óscar  Rodríguez","ES","1995-05-06","Burlada","63","1.8"
"Groupama - FDJ","GFC","FR","World Tour","Jacopo  Guarnieri","IT","1987-08-14","Vizzolo Predabissi","80","1.9"
"Team Arkéa Samsic","ARK","FR","Pro Tour","Matis  Louvel","FR","1999-07-19","Mont Saint Aignan","73","1.87"
"Caja Rural - Seguros RGA","CJR","ES","Pro Tour","Álvaro  Cuadros","ES","1995-04-12","La Zubia","67","1.79"
"Israel - Premier Tech","IPT","IL","World Tour","Jenthe  Biermans","BE","1995-10-30","Geel","78","1.84"
"Bardiani-CSF-Faizanè","BCF","IT","Pro Tour","Luca  Colnaghi","IT","1999-01-14",,,
"EF Education-EasyPost","EFE","US","World Tour","Jonas  Rutsch","DE","1998-01-24","Erbach im Odenwald","82","1.97"
"Alpecin-Deceuninck","ADC","BE","Pro Tour","Jimmy  Janssens","BE","1989-05-30","Herentals","74","1.82"
"Bingoal Pauwels Sauces WB","BWB","BE","Pro Tour","Dimitri  Peyskens","BE","1991-11-26","Uccle","69","1.82"
"Burgos-BH","BBH","ES","Pro Tour","Jesús  Ezquerra","ES","1990-11-30","Adal-Treto","68","1.85"
"Drone Hopper -  Androni Giocattoli","DRA","IT","Pro Tour","Brandon Alejandro  Rojas","CO","2002-07-02","Bogotà","64","1.78"
"B&B Hotels - KTM","BBK","FR","Pro Tour","Nolann  Mahoudo","FR","2002-11-17",,,
"UAE Team Emirates","UAD","AE","World Tour","Ryan  Gibbons","ZA","1994-08-13","Johannesburg","70","1.82"
"Team DSM","DSM","NL","World Tour","Niklas  Märkl","DE","1999-03-03","Queidersbach","70","1.85"
"Astana Qazaqstan Team","AST","KZ","World Tour","Joe  Dombrowski","US","1991-05-12","Marshall","68","1.87"
"INEOS Grenadiers","IGD","GB","World Tour","Tao  Geoghegan Hart","GB","1995-03-30","London","65","1.83"
"Drone Hopper -  Androni Giocattoli","DRA","IT","Pro Tour","Juan Diego  Alba","CO","1997-09-11","Tuta","59","1.73"
"Uno-X Pro Cycling Team","UXT","NO","Pro Tour","Erlend  Blikra","NO","1997-01-11","Stavanger","75","1.86"
"Bingoal Pauwels Sauces WB","BWB","BE","Pro Tour","Tom  Paquot","BE","1999-09-22","Rocourt ","70","1.83"
"UAE Team Emirates","UAD","AE","World Tour","Joel  Suter","CH","1998-10-25","Frutigen","75","1.9"
"AG2R Citroën Team","ACT","FR","World Tour","Greg Van Avermaet","BE","1985-05-17","Lokeren","74","1.83"
"Movistar Team","MOV","ES","World Tour","Albert  Torres","ES","1990-04-26","Ciutadella de Menorca","70","1.8"
"Burgos-BH","BBH","ES","Pro Tour","Pelayo  Sánchez","ES","2000-03-27","Tellego","62","1.77"
"B&B Hotels - KTM","BBK","FR","Pro Tour","Pierre  Barbier","FR","1997-09-25","Beauvais","69","1.76"
"Jumbo-Visma","TJV","NL","World Tour","Steven  Kruijswijk","NL","1987-06-07","Nuenen","63","1.78"
"AG2R Citroën Team","ACT","FR","World Tour","Benoît  Cosnefroy","FR","1995-10-17","Cherbourg-en-Cotentin","65","1.8"
"Jumbo-Visma","TJV","NL","World Tour","Mick van Dijke","NL","2000-03-15","Goes","74","1.9"
"Alpecin-Deceuninck","ADC","BE","Pro Tour","Julien  Vermote","BE","1989-07-26","Kortrijk","74","1.79"
"Lotto Soudal","LTS","BE","World Tour","Caleb  Ewan","AU","1994-07-11","Sydney","69","1.67"
"TotalEnergies","TEN","FR","Pro Tour","Dries Van Gestel","BE","1994-09-30","Turnhout","71","1.87"
"Trek - Segafredo","TFS","US","World Tour","Dario  Cataldo","IT","1985-03-17","Lanciano","64","1.75"
"Alpecin-Deceuninck","ADC","BE","Pro Tour","Samuel  Gaze","NZ","1995-12-12","Tokoroa","80","1.89"
"Astana Qazaqstan Team","AST","KZ","World Tour","Javier  Romo","ES","1999-01-06","Villafranca de los Caballeros","70","1.84"
"Quick-Step Alpha Vinyl Team","QST","BE","World Tour","James  Knox","GB","1995-11-04","Kendal","58","1.73"
"TotalEnergies","TEN","FR","Pro Tour","Daniel  Oss","IT","1987-01-13","Trento","75","1.91"
"Cofidis","COF","FR","World Tour","Thomas  Champion","FR","1999-09-08","Saint-Sébastien-sur-Loire","70","1.87"
"Uno-X Pro Cycling Team","UXT","NO","Pro Tour","Morten  Hulgaard","DK","1998-08-23",,"73","1.81"
"Team Arkéa Samsic","ARK","FR","Pro Tour","Nacer  Bouhanni","FR","1990-07-25","Épinal","65","1.75"
"Team DSM","DSM","NL","World Tour","Asbjørn  Kragh Andersen","DK","1992-04-09","Fredericia","72","1.82"
"Astana Qazaqstan Team","AST","KZ","World Tour","Harold  Tejada","CO","1997-04-27","Pitalito","63","1.8"
"Burgos-BH","BBH","ES","Pro Tour","Jetse  Bol","NL","1989-09-08","Avenhorn","71","1.84"
"Quick-Step Alpha Vinyl Team","QST","BE","World Tour","Andrea  Bagioli","IT","1999-03-23","Sondrio","60","1.76"
"Caja Rural - Seguros RGA","CJR","ES","Pro Tour","Michal  Schlegel","CZ","1995-05-31","Ústí nad Orlicí","72","1.84"
"AG2R Citroën Team","ACT","FR","World Tour","Felix  Gall","AT","1998-02-27","Nußdorf-Debant","66","1.8"
"EF Education-EasyPost","EFE","US","World Tour","Sebastian  Langeveld","NL","1985-01-17","Leiden","67","1.78"
"Bahrain - Victorious","TBV","BH","World Tour","Ahmed  Madan","BH","2000-08-25",,"65","1.76"
"Bahrain - Victorious","TBV","BH","World Tour","Santiago  Buitrago","CO","1999-09-26","Bogotá","59","1.74"
"UAE Team Emirates","UAD","AE","World Tour","Matteo  Trentin","IT","1989-08-02","Borgo Valsugana","74","1.79"
"EF Education-EasyPost","EFE","US","World Tour","Sean  Quinn","US","2000-05-10","Los Angeles","67","1.87"
"Intermarché - Wanty - Gobert Matériaux","IWG","BE","World Tour","Jan  Bakelants","BE","1986-02-14"," Oudenaarde","67","1.77"
"B&B Hotels - KTM","BBK","FR","Pro Tour","Cyril  Barthe","FR","1996-02-14","Sauveterre-de-Béarn","70","1.84"
"BORA - hansgrohe","BOH","DE","World Tour","Frederik  Wandahl","DK","2001-05-09","Stockholm","61","1.78"
"Team BikeExchange - Jayco","BEX","AU","World Tour","Amund Grøndahl  Jansen","NO","1994-02-11","Nes","83","1.87"
"Euskaltel - Euskadi","EUS","ES","Pro Tour","Xabier  Isasa","ES","2001-08-24",,,
"Intermarché - Wanty - Gobert Matériaux","IWG","BE","World Tour","Simone  Petilli","IT","1993-05-04"," Bellano","65","1.78"
"Team BikeExchange - Jayco","BEX","AU","World Tour","Callum  Scotson","AU","1996-08-10","Campbelltown","77","1.83"
"Jumbo-Visma","TJV","NL","World Tour","Jos van Emden","NL","1985-02-18","Schiedam","78","1.86"
"Israel - Premier Tech","IPT","IL","World Tour","Sep  Vanmarcke","BE","1988-07-28"," Kortrijk","77","1.9"
"INEOS Grenadiers","IGD","GB","World Tour","Eddie  Dunbar","IE","1996-09-01","Banteer","57","1.7"
"Jumbo-Visma","TJV","NL","World Tour","David  Dekker","NL","1998-02-02","Turnhout","80","1.9"
"Lotto Soudal","LTS","BE","World Tour","Tim  Wellens","BE","1991-05-10"," Sint-Truiden","71","1.83"
"Equipo Kern Pharma","EKP","ES","Pro Tour","Vojtěch  Řepa","CZ","2000-08-14","Velká Bíteš","71","1.84"
"Sport Vlaanderen - Baloise","SVB","BE","Pro Tour","Milan  Fretin","BE","2001-03-19","Genk","70","1.82"
"EF Education-EasyPost","EFE","US","World Tour","Michael  Valgren","DK","1992-02-07","Østerild","71","1.79"
"Team DSM","DSM","NL","World Tour","Nikias  Arndt","DE","1991-11-18","Buchholz in der Nordheide","77.5","1.87"
"Euskaltel - Euskadi","EUS","ES","Pro Tour","Mikel  Aristi","ES","1993-05-28","Bergara","72","1.8"
"Euskaltel - Euskadi","EUS","ES","Pro Tour","Julen  Irizar","ES","1995-03-26","Bergara","67","1.78"
"Euskaltel - Euskadi","EUS","ES","Pro Tour","Gotzon  Martín","ES","1996-02-15",,,
"Drone Hopper -  Androni Giocattoli","DRA","IT","Pro Tour","Filippo  Tagliani","IT","1995-08-14","Gavardo","70","1.8"
"Astana Qazaqstan Team","AST","KZ","World Tour","Antonio  Nibali","IT","1992-09-23","Messina","65","1.8"
"Alpecin-Deceuninck","ADC","BE","Pro Tour","Dries De Bondt","BE","1991-07-04","Bornem","73","1.85"
"Bahrain - Victorious","TBV","BH","World Tour","Filip  Maciejuk","PL","1999-09-03","Pulawy","78","1.9"
"Bingoal Pauwels Sauces WB","BWB","BE","Pro Tour","Luc  Wirtgen","LU","1998-07-07",,"63","1.8"
"Bingoal Pauwels Sauces WB","BWB","BE","Pro Tour","Felix  Dopchie","BE","1999-12-30","Anderlecht","65","1.81"
"AG2R Citroën Team","ACT","FR","World Tour","Michael  Schär","CH","1986-09-29","Geuensee","78","1.98"
"Uno-X Pro Cycling Team","UXT","NO","Pro Tour","Martin  Urianstad","NO","1999-02-06",,,
"Trek - Segafredo","TFS","US","World Tour","Mads  Pedersen","DK","1995-12-18","Tølløse","70","1.8"
"Equipo Kern Pharma","EKP","ES","Pro Tour","Danny van der Tuuk","NL","1999-11-05","Assen","60","1.83"
"Cofidis","COF","FR","World Tour","Tom  Bohli","CH","1994-01-17","Uznach","71","1.85"
"EF Education-EasyPost","EFE","US","World Tour","Jens  Keukeleire","BE","1988-11-23","Brugge","69","1.85"
"EOLO-Kometa","EOK","IT","Pro Tour","Edward  Ravasi","IT","1994-06-05","Besnate","61","1.81"
"Caja Rural - Seguros RGA","CJR","ES","Pro Tour","Jefferson Alveiro  Cepeda","EC","1996-03-02","Quito","61","1.7"
"Jumbo-Visma","TJV","NL","World Tour","Wout van Aert","BE","1994-09-15","Herentals","78","1.9"
"EF Education-EasyPost","EFE","US","World Tour","Neilson  Powless","US","1996-09-03","Eglin","67","1.83"
"BORA - hansgrohe","BOH","DE","World Tour","Patrick  Konrad","AT","1991-10-13","Mödling","64","1.81"
"Bardiani-CSF-Faizanè","BCF","IT","Pro Tour","Alessandro  Santaromita","IT","1999-12-11",,,
"Groupama - FDJ","GFC","FR","World Tour","Ignatas  Konovalovas","LT","1985-12-08","Panevėžys","74","1.9"
"Astana Qazaqstan Team","AST","KZ","World Tour","Yevgeniy  Fedorov","KZ","2000-02-16","Aktobe","80","1.93"
"EOLO-Kometa","EOK","IT","Pro Tour","Mark  Christian","GB","1990-11-20","Douglas","72","1.85"
"Israel - Premier Tech","IPT","IL","World Tour","Jakob  Fuglsang","DK","1985-03-22","Geneva","65","1.81"
"AG2R Citroën Team","ACT","FR","World Tour","Damien  Touzé","FR","1996-07-07","Iville","69","1.74"
"TotalEnergies","TEN","FR","Pro Tour","Edvald  Boasson Hagen","NO","1987-05-17","Rudsbygd","75","1.8"
"Bahrain - Victorious","TBV","BH","World Tour","Chun Kai  Feng","TW","1988-11-02","Miaoli","69","1.7"
"TotalEnergies","TEN","FR","Pro Tour","Jérémy  Cabot","FR","1991-07-24","Troyes","76","1.92"
"EF Education-EasyPost","EFE","US","World Tour","Magnus  Cort","DK","1993-01-16","Rønne","68","1.84"
"Bingoal Pauwels Sauces WB","BWB","BE","Pro Tour","Arjen  Livyns","BE","1994-09-01","Waregem","58","1.7"
"Bingoal Pauwels Sauces WB","BWB","BE","Pro Tour","Stanisław  Aniołkowski","PL","1997-01-20","Warsaw","68","1.81"
"Bardiani-CSF-Faizanè","BCF","IT","Pro Tour","Alessio  Nieri","IT","2001-04-13",,,
"Team Arkéa Samsic","ARK","FR","Pro Tour","Anthony  Delaplace","FR","1989-09-11","Valognes","65","1.81"
"Team BikeExchange - Jayco","BEX","AU","World Tour","Tsgabu  Grmay","ET","1991-08-25","Mek'ele","63","1.75"
"Sport Vlaanderen - Baloise","SVB","BE","Pro Tour","Tuur  Dens","BE","2000-06-26",,"81","1.84"
"Team Arkéa Samsic","ARK","FR","Pro Tour","Louis  Barré","FR","2000-04-06","Nantes","68","1.84"
"B&B Hotels - KTM","BBK","FR","Pro Tour","Axel  Laurance","FR","2001-04-13",,"66","1.79"
"Quick-Step Alpha Vinyl Team","QST","BE","World Tour","Florian  Sénéchal","FR","1993-07-10","Cambrai","77","1.8"
"Lotto Soudal","LTS","BE","World Tour","Viktor  Verschaeve","BE","1998-08-03","Brasschaat","62","1.71"
"Team BikeExchange - Jayco","BEX","AU","World Tour","Alexandre  Balmer","CH","2000-05-04","La Chaux-de-Fonds","70","1.91"
"Trek - Segafredo","TFS","US","World Tour","Jakob  Egholm","DK","1998-04-27","Holbæk","69","1.86"
"INEOS Grenadiers","IGD","GB","World Tour","Luke  Rowe","GB","1990-03-10","Cardiff","72","1.92"
"Euskaltel - Euskadi","EUS","ES","Pro Tour","Antonio Jesús  Soto","ES","1994-12-24","Alcantarilla","66","1.75"
"Israel - Premier Tech","IPT","IL","World Tour","Rick  Zabel","DE","1993-12-07","Unna","77","1.84"
"Bingoal Pauwels Sauces WB","BWB","BE","Pro Tour","Johan  Meens","BE","1999-07-07",,,
"B&B Hotels - KTM","BBK","FR","Pro Tour","Alexis  Gougeard","FR","1993-03-05","Rouen","70","1.76"
"EOLO-Kometa","EOK","IT","Pro Tour","Sergio  García González","ES","1999-06-11","Alcalá del Valle","62","1.83"
"Uno-X Pro Cycling Team","UXT","NO","Pro Tour","Lars  Saugstad","NO","1997-05-28",,,
"Bardiani-CSF-Faizanè","BCF","IT","Pro Tour","Filippo  Fiorelli","IT","1994-11-19",,,
"Drone Hopper -  Androni Giocattoli","DRA","IT","Pro Tour","Didier  Merchan","CO","1999-07-26","Libano","57","1.67"
"Bahrain - Victorious","TBV","BH","World Tour","Jonathan  Milan","IT","2000-10-01","Tolmezzo","84","1.93"
"Team Arkéa Samsic","ARK","FR","Pro Tour","Alessandro  Verre","IT","2001-11-17","Marsicovetere","59","1.7"
"Astana Qazaqstan Team","AST","KZ","World Tour","David de la Cruz","ES","1989-05-06","Sabadell","66","1.82"
"EF Education-EasyPost","EFE","US","World Tour","Diego Andrés  Camargo","CO","1998-05-03","Tuta","65","1.76"
"Groupama - FDJ","GFC","FR","World Tour","Clément  Davy","FR","1998-07-17","Fougères","73","1.83"
"Lotto Soudal","LTS","BE","World Tour","Harry  Sweeny","AU","1998-07-09","Warwick","75","1.86"
"Bahrain - Victorious","TBV","BH","World Tour","Kamil  Gradek","PL","1990-09-17","Koziegłowy","81","1.94"
"Groupama - FDJ","GFC","FR","World Tour","Kevin  Geniets","LU","1997-01-09","Esch-sur-Alzette","73","1.93"
"EOLO-Kometa","EOK","IT","Pro Tour","Samuele  Rivi","IT","1998-05-11","Trente","72","1.86"
"Uno-X Pro Cycling Team","UXT","NO","Pro Tour","Lasse   Norman Leth","DK","1992-02-11","Odense","75","1.8"
"Astana Qazaqstan Team","AST","KZ","World Tour","Leonardo  Basso","IT","1993-12-25","Castelfranco Veneto","63","1.77"
"Burgos-BH","BBH","ES","Pro Tour","Alejandro  Franco","ES","2001-09-26","Valladolid","58","1.75"
"Israel - Premier Tech","IPT","IL","World Tour","Hugo  Houle","CA","1990-09-27","Sainte-Perpétue","72","1.83"
"Quick-Step Alpha Vinyl Team","QST","BE","World Tour","Iljo  Keisse","BE","1982-12-21","Gent","72","1.83"
"Astana Qazaqstan Team","AST","KZ","World Tour","Gleb  Syritsa","RU","2000-04-14",,"85","1.88"
"INEOS Grenadiers","IGD","GB","World Tour","Dylan van Baarle","NL","1992-05-21","Voorburg","78","1.89"
"Quick-Step Alpha Vinyl Team","QST","BE","World Tour","Jannik  Steimle","DE","1996-04-04","Weilheim an der Teck","73","1.87"
"Trek - Segafredo","TFS","US","World Tour","Markus  Hoelgaard","NO","1994-10-04","Stavanger","74","1.88"
"BORA - hansgrohe","BOH","DE","World Tour","Maximilian  Schachmann","DE","1994-01-09","Berlin","70","1.83"
"UAE Team Emirates","UAD","AE","World Tour","Yousif  Mirza","AE","1988-10-08","Khor Fakkan","60","1.76"
"Alpecin-Deceuninck","ADC","BE","Pro Tour","Xandro  Meurisse","BE","1992-01-31","Kortrijk","71","1.81"
"INEOS Grenadiers","IGD","GB","World Tour","Cameron  Wurf","AU","1983-08-03","Sandy Bay","71","1.83"
"Quick-Step Alpha Vinyl Team","QST","BE","World Tour","Ilan Van Wilder","BE","2000-05-14","Jette","64","1.71"
"Uno-X Pro Cycling Team","UXT","NO","Pro Tour","Anders  Skaarseth","NO","1995-05-07",,,"1.86"
"Quick-Step Alpha Vinyl Team","QST","BE","World Tour","Mauri  Vansevenant","BE","1999-06-01","Ostend","60","1.75"
"Euskaltel - Euskadi","EUS","ES","Pro Tour","Carlos  Canal","ES","2001-06-28","Xinzo de Limia","70","1.79"
"Lotto Soudal","LTS","BE","World Tour","Reinardt  Janse van Rensburg","ZA","1989-02-03","Virginia","74","1.82"
"EF Education-EasyPost","EFE","US","World Tour","Daniel  Arroyave","CO","2000-06-19","Yarumal","52","1.78"
"Intermarché - Wanty - Gobert Matériaux","IWG","BE","World Tour","Dries De Pooter","BE","2002-11-08","Geel","66","1.82"
"Bahrain - Victorious","TBV","BH","World Tour","Gino  Mäder","CH","1997-01-04","Flawil","61","1.81"
"Trek - Segafredo","TFS","US","World Tour","Quinn  Simmons","US","2001-05-08","Durango","72","1.85"
"Quick-Step Alpha Vinyl Team","QST","BE","World Tour","Fausto  Masnada","IT","1993-11-06","Bergamo","65","1.82"
